lat,lon,Band1
-20.883333333343643,140.53333333303075,-2741.414
-20.883333333343643,140.53749999969742,-2850.2212
-20.883333333343643,140.5416666663641,-2567.7917
-20.883333333343643,140.54583333303077,-2100.0784
-20.883333333343643,140.54999999969743,-1547.4299
-20.883333333343643,140.5541666663641,-1045.3738
-20.883333333343643,140.55833333303076,-735.11536
-20.883333333343643,140.56249999969745,-966.96155
-20.883333333343643,140.5666666663641,-1386.9548
-20.883333333343643,140.57083333303078,-1835.2507
-20.883333333343643,140.57499999969747,-2156.846
-20.883333333343643,140.57916666636413,-2270.8154
-20.883333333343643,140.5833333330308,-2224.719
-20.883333333343643,140.58749999969746,-1987.6913
-20.883333333343643,140.59166666636412,-1637.6742
-20.883333333343643,140.5958333330308,-1272.1626
-20.883333333343643,140.59999999969747,-950.17145
-20.883333333343643,140.60416666636414,-708.6248
-20.883333333343643,140.60833333303083,-541.04034
-20.883333333343643,140.6124999996975,-444.0773
-20.883333333343643,140.61666666636415,-425.8327
-20.883333333343643,140.62083333303082,-522.9306
-20.883333333343643,140.62499999969748,-664.369
-20.883333333343643,140.62916666636417,-801.57465
-20.883333333343643,140.63333333303083,-893.2968
-20.883333333343643,140.6374999996975,-915.8391
-20.883333333343643,140.6416666663642,-914.9156
-20.883333333343643,140.64583333303085,-907.7095
-20.883333333343643,140.6499999996975,-913.27856
-20.883333333343643,140.65416666636418,-945.03656
-20.883333333343643,140.65833333303084,-934.63916
-20.883333333343643,140.66249999969753,-959.3308
-20.883333333343643,140.6666666663642,-1000.60706
-20.883333333343643,140.67083333303086,-1021.38086
-20.883333333343643,140.67499999969755,-921.1371
-20.883333333343643,140.6791666663642,-840.46515
-20.883333333343643,140.68333333303087,-832.5349
-20.883333333343643,140.68749999969754,-891.35345
-20.883333333343643,140.6916666663642,-969.65625
-20.883333333343643,140.6958333330309,-824.8191
-20.883333333343643,140.69999999969755,-627.6712
-20.883333333343643,140.70416666636422,-378.92056
-20.883333333343643,140.7083333330309,-86.04029
-20.883333333343643,140.71249999969757,249.44019
-20.883333333343643,140.71666666636423,678.70123
-20.883333333343643,140.7208333330309,1102.0016
-20.883333333343643,140.72499999969756,1485.5686
-20.883333333343643,140.72916666636425,1807.9817
-20.883333333343643,140.7333333330309,2093.8076
-20.883333333343643,140.73749999969758,2180.0676
-20.883333333343643,140.74166666636427,2128.774
-20.883333333343643,140.74583333303093,1961.8042
-20.883333333343643,140.7499999996976,1662.3228
-20.883333333343643,140.75416666636426,1104.751
-20.883333333343643,140.75833333303092,499.23056
-20.883333333343643,140.7624999996976,-52.660698
-20.883333333343643,140.76666666636427,-479.93307
-20.883333333343643,140.77083333303094,-727.07764
-20.883333333343643,140.77499999969763,-756.2812
-20.883333333343643,140.7791666663643,-693.00793
-20.883333333343643,140.78333333303095,-627.35596
-20.883333333343643,140.78749999969762,-556.72485
-20.883333333343643,140.79166666636428,-448.6602
-20.883333333343643,140.79583333303097,-327.09558
-20.883333333343643,140.79999999969763,-273.04935
-20.883333333343643,140.8041666663643,-305.10025
-20.883333333343643,140.808333333031,-418.71194
-20.887500000010313,140.53333333303075,-3084.0376
-20.887500000010313,140.53749999969742,-3457.0852
-20.887500000010313,140.5416666663641,-2979.8174
-20.887500000010313,140.54583333303077,-2314.3826
-20.887500000010313,140.54999999969743,-1572.4071
-20.887500000010313,140.5541666663641,-903.18286
-20.887500000010313,140.55833333303076,-309.8536
-20.887500000010313,140.56249999969745,-771.1182
-20.887500000010313,140.5666666663641,-1269.6442
-20.887500000010313,140.57083333303078,-1731.3416
-20.887500000010313,140.57499999969747,-2001.118
-20.887500000010313,140.57916666636413,-2021.1082
-20.887500000010313,140.5833333330308,-2156.1438
-20.887500000010313,140.58749999969746,-2116.5337
-20.887500000010313,140.59166666636412,-1937.8943
-20.887500000010313,140.5958333330308,-1686.0249
-20.887500000010313,140.59999999969747,-1327.1658
-20.887500000010313,140.60416666636414,-1007.65405
-20.887500000010313,140.60833333303083,-743.305
-20.887500000010313,140.6124999996975,-549.7407
-20.887500000010313,140.61666666636415,-436.12796
-20.887500000010313,140.62083333303082,-525.04895
-20.887500000010313,140.62499999969748,-658.6437
-20.887500000010313,140.62916666636417,-792.81335
-20.887500000010313,140.63333333303083,-892.83594
-20.887500000010313,140.6374999996975,-949.4114
-20.887500000010313,140.6416666663642,-1040.3369
-20.887500000010313,140.64583333303085,-1138.1691
-20.887500000010313,140.6499999996975,-1255.2136
-20.887500000010313,140.65416666636418,-1426.9115
-20.887500000010313,140.65833333303084,-1354.5759
-20.887500000010313,140.66249999969753,-1378.6469
-20.887500000010313,140.6666666663642,-1470.4541
-20.887500000010313,140.67083333303086,-1604.3499
-20.887500000010313,140.67499999969755,-1447.5654
-20.887500000010313,140.6791666663642,-1361.7825
-20.887500000010313,140.68333333303087,-1408.1686
-20.887500000010313,140.68749999969754,-1590.6315
-20.887500000010313,140.6916666663642,-1920.9463
-20.887500000010313,140.6958333330309,-1649.0068
-20.887500000010313,140.69999999969755,-1451.4835
-20.887500000010313,140.70416666636422,-1257.974
-20.887500000010313,140.7083333330309,-1037.2119
-20.887500000010313,140.71249999969757,-735.56885
-20.887500000010313,140.71666666636423,-28.79678
-20.887500000010313,140.7208333330309,713.5814
-20.887500000010313,140.72499999969756,1409.8304
-20.887500000010313,140.72916666636425,1979.9733
-20.887500000010313,140.7333333330309,2392.5442
-20.887500000010313,140.73749999969758,2402.3718
-20.887500000010313,140.74166666636427,2282.643
-20.887500000010313,140.74583333303093,2091.077
-20.887500000010313,140.7499999996976,1853.8955
-20.887500000010313,140.75416666636426,1174.1976
-20.887500000010313,140.75833333303092,549.6987
-20.887500000010313,140.7624999996976,61.41733
-20.887500000010313,140.76666666636427,-248.88266
-20.887500000010313,140.77083333303094,-386.53745
-20.887500000010313,140.77499999969763,-348.45493
-20.887500000010313,140.7791666663643,-260.03772
-20.887500000010313,140.78333333303095,-207.26338
-20.887500000010313,140.78749999969762,-208.52415
-20.887500000010313,140.79166666636428,-235.45076
-20.887500000010313,140.79583333303097,-317.7866
-20.887500000010313,140.79999999969763,-556.7563
-20.887500000010313,140.8041666663643,-956.0785
-20.887500000010313,140.808333333031,-1799.4401
-20.891666666676983,140.53333333303075,-3368.2156
-20.891666666676983,140.53749999969742,-4342.504
-20.891666666676983,140.5416666663641,-3310.9202
-20.891666666676983,140.54583333303077,-2423.0974
-20.891666666676983,140.54999999969743,-1582.2491
-20.891666666676983,140.5541666663641,-941.6193
-20.891666666676983,140.55833333303076,-593.689
-20.891666666676983,140.56249999969745,-891.3132
-20.891666666676983,140.5666666663641,-1416.953
-20.891666666676983,140.57083333303078,-1913.8187
-20.891666666676983,140.57499999969747,-2132.1348
-20.891666666676983,140.57916666636413,-1805.2191
-20.891666666676983,140.5833333330308,-2242.55
-20.891666666676983,140.58749999969746,-2318.093
-20.891666666676983,140.59166666636412,-2226.3882
-20.891666666676983,140.5958333330308,-2088.5967
-20.891666666676983,140.59999999969747,-1611.7097
-20.891666666676983,140.60416666636414,-1219.4341
-20.891666666676983,140.60833333303083,-883.9035
-20.891666666676983,140.6124999996975,-609.23553
-20.891666666676983,140.61666666636415,-346.1012
-20.891666666676983,140.62083333303082,-520.24255
-20.891666666676983,140.62499999969748,-670.75183
-20.891666666676983,140.62916666636417,-812.6489
-20.891666666676983,140.63333333303083,-924.57684
-20.891666666676983,140.6374999996975,-1027.0402
-20.891666666676983,140.6416666663642,-1144.43
-20.891666666676983,140.64583333303085,-1282.7408
-20.891666666676983,140.6499999996975,-1418.8195
-20.891666666676983,140.65416666636418,-1534.5002
-20.891666666676983,140.65833333303084,-1515.5928
-20.891666666676983,140.66249999969753,-1549.5369
-20.891666666676983,140.6666666663642,-1698.3405
-20.891666666676983,140.67083333303086,-2115.4182
-20.891666666676983,140.67499999969755,-1712.3646
-20.891666666676983,140.6791666663642,-1597.9185
-20.891666666676983,140.68333333303087,-1652.8771
-20.891666666676983,140.68749999969754,-1839.8883
-20.891666666676983,140.6916666663642,-2042.2996
-20.891666666676983,140.6958333330309,-2009.7273
-20.891666666676983,140.69999999969755,-1924.3696
-20.891666666676983,140.70416666636422,-1841.0062
-20.891666666676983,140.7083333330309,-1737.484
-20.891666666676983,140.71249999969757,-1695.5979
-20.891666666676983,140.71666666636423,-542.8928
-20.891666666676983,140.7208333330309,497.76685
-20.891666666676983,140.72499999969756,1459.9135
-20.891666666676983,140.72916666636425,2234.3174
-20.891666666676983,140.7333333330309,2864.382
-20.891666666676983,140.73749999969758,2616.9385
-20.891666666676983,140.74166666636427,2362.6426
-20.891666666676983,140.74583333303093,2138.761
-20.891666666676983,140.7499999996976,2213.0593
-20.891666666676983,140.75416666636426,1155.368
-20.891666666676983,140.75833333303092,496.28882
-20.891666666676983,140.7624999996976,72.71964
-20.891666666676983,140.76666666636427,-122.610435
-20.891666666676983,140.77083333303094,-171.971
-20.891666666676983,140.77499999969763,-5.7222557
-20.891666666676983,140.7791666663643,174.48495
-20.891666666676983,140.78333333303095,300.52817
-20.891666666676983,140.78749999969762,307.02322
-20.891666666676983,140.79166666636428,292.54294
-20.891666666676983,140.79583333303097,162.30704
-20.891666666676983,140.79999999969763,-53.9576
-20.891666666676983,140.8041666663643,-239.77107
-20.891666666676983,140.808333333031,-229.72426
-20.895833333343653,140.53333333303075,-2971.6736
-20.895833333343653,140.53749999969742,-3416.551
-20.895833333343653,140.5416666663641,-2920.1975
-20.895833333343653,140.54583333303077,-2182.8499
-20.895833333343653,140.54999999969743,-1406.7047
-20.895833333343653,140.5541666663641,-814.14056
-20.895833333343653,140.55833333303076,-601.10626
-20.895833333343653,140.56249999969745,-993.55084
-20.895833333343653,140.5666666663641,-1726.4255
-20.895833333343653,140.57083333303078,-2502.9382
-20.895833333343653,140.57499999969747,-3026.7515
-20.895833333343653,140.57916666636413,-2898.704
-20.895833333343653,140.5833333330308,-2852.3826
-20.895833333343653,140.58749999969746,-2680.262
-20.895833333343653,140.59166666636412,-2428.4934
-20.895833333343653,140.5958333330308,-2123.0115
-20.895833333343653,140.59999999969747,-1712.2343
-20.895833333343653,140.60416666636414,-1333.6665
-20.895833333343653,140.60833333303083,-1010.76807
-20.895833333343653,140.6124999996975,-760.61383
-20.895833333343653,140.61666666636415,-596.24493
-20.895833333343653,140.62083333303082,-642.4217
-20.895833333343653,140.62499999969748,-742.7247
-20.895833333343653,140.62916666636417,-859.6981
-20.895833333343653,140.63333333303083,-970.8012
-20.895833333343653,140.6374999996975,-1077.1919
-20.895833333343653,140.6416666663642,-1207.2518
-20.895833333343653,140.64583333303085,-1363.9961
-20.895833333343653,140.6499999996975,-1511.1566
-20.895833333343653,140.65416666636418,-1584.9679
-20.895833333343653,140.65833333303084,-1498.635
-20.895833333343653,140.66249999969753,-1384.8544
-20.895833333343653,140.6666666663642,-1336.357
-20.895833333343653,140.67083333303086,-1415.1229
-20.895833333343653,140.67499999969755,-1358.8169
-20.895833333343653,140.6791666663642,-1439.9794
-20.895833333343653,140.68333333303087,-1624.6134
-20.895833333343653,140.68749999969754,-1866.6704
-20.895833333343653,140.6916666663642,-2076.1892
-20.895833333343653,140.6958333330309,-2139.5269
-20.895833333343653,140.69999999969755,-2123.013
-20.895833333343653,140.70416666636422,-2053.3035
-20.895833333343653,140.7083333330309,-1877.1088
-20.895833333343653,140.71249999969757,-1498.8217
-20.895833333343653,140.71666666636423,-531.9225
-20.895833333343653,140.7208333330309,570.6731
-20.895833333343653,140.72499999969756,1618.3678
-20.895833333343653,140.72916666636425,2404.8591
-20.895833333343653,140.7333333330309,2780.8672
-20.895833333343653,140.73749999969758,2566.2935
-20.895833333343653,140.74166666636427,2106.3586
-20.895833333343653,140.74583333303093,1550.0408
-20.895833333343653,140.7499999996976,1054.1729
-20.895833333343653,140.75416666636426,521.9077
-20.895833333343653,140.75833333303092,168.87299
-20.895833333343653,140.7624999996976,-26.832355
-20.895833333343653,140.76666666636427,-61.449894
-20.895833333343653,140.77083333303094,52.809044
-20.895833333343653,140.77499999969763,324.87216
-20.895833333343653,140.7791666663643,647.1616
-20.895833333343653,140.78333333303095,928.6488
-20.895833333343653,140.78749999969762,1084.1171
-20.895833333343653,140.79166666636428,1088.6184
-20.895833333343653,140.79583333303097,968.3926
-20.895833333343653,140.79999999969763,810.33386
-20.895833333343653,140.8041666663643,757.43054
-20.895833333343653,140.808333333031,1011.5038
-20.900000000010323,140.53333333303075,-2580.4294
-20.900000000010323,140.53749999969742,-2864.4268
-20.900000000010323,140.5416666663641,-2511.2659
-20.900000000010323,140.54583333303077,-1850.1565
-20.900000000010323,140.54999999969743,-1092.9077
-20.900000000010323,140.5541666663641,-470.56195
-20.900000000010323,140.55833333303076,-267.47748
-20.900000000010323,140.56249999969745,-923.94464
-20.900000000010323,140.5666666663641,-2024.8799
-20.900000000010323,140.57083333303078,-3228.371
-20.900000000010323,140.57499999969747,-4218.601
-20.900000000010323,140.57916666636413,-3914.3665
-20.900000000010323,140.5833333330308,-3506.921
-20.900000000010323,140.58749999969746,-3050.5781
-20.900000000010323,140.59166666636412,-2611.37
-20.900000000010323,140.5958333330308,-2176.701
-20.900000000010323,140.59999999969747,-1772.759
-20.900000000010323,140.60416666636414,-1411.4907
-20.900000000010323,140.60833333303083,-1112.3785
-20.900000000010323,140.6124999996975,-884.91956
-20.900000000010323,140.61666666636415,-750.61914
-20.900000000010323,140.62083333303082,-753.74866
-20.900000000010323,140.62499999969748,-820.11237
-20.900000000010323,140.62916666636417,-910.3361
-20.900000000010323,140.63333333303083,-1010.0934
-20.900000000010323,140.6374999996975,-1097.4342
-20.900000000010323,140.6416666663642,-1224.8025
-20.900000000010323,140.64583333303085,-1401.8047
-20.900000000010323,140.6499999996975,-1585.2041
-20.900000000010323,140.65416666636418,-1665.4492
-20.900000000010323,140.65833333303084,-1408.9211
-20.900000000010323,140.66249999969753,-1056.2694
-20.900000000010323,140.6666666663642,-746.16547
-20.900000000010323,140.67083333303086,-593.6444
-20.900000000010323,140.67499999969755,-762.94226
-20.900000000010323,140.6791666663642,-1075.6156
-20.900000000010323,140.68333333303087,-1440.8823
-20.900000000010323,140.68749999969754,-1791.0171
-20.900000000010323,140.6916666663642,-2065.8643
-20.900000000010323,140.6958333330309,-2167.24
-20.900000000010323,140.69999999969755,-2178.102
-20.900000000010323,140.70416666636422,-2116.536
-20.900000000010323,140.7083333330309,-1924.5625
-20.900000000010323,140.71249999969757,-1462.2032
-20.900000000010323,140.71666666636423,-440.19272
-20.900000000010323,140.7208333330309,785.97406
-20.900000000010323,140.72499999969756,1957.4504
-20.900000000010323,140.72916666636425,2809.844
-20.900000000010323,140.7333333330309,2965.056
-20.900000000010323,140.73749999969758,2572.1824
-20.900000000010323,140.74166666636427,1819.0067
-20.900000000010323,140.74583333303093,890.5293
-20.900000000010323,140.7499999996976,-44.14155
-20.900000000010323,140.75416666636426,-173.96025
-20.900000000010323,140.75833333303092,-196.6512
-20.900000000010323,140.7624999996976,-145.61467
-20.900000000010323,140.76666666636427,-27.76917
-20.900000000010323,140.77083333303094,218.98126
-20.900000000010323,140.77499999969763,636.3675
-20.900000000010323,140.7791666663643,1147.0576
-20.900000000010323,140.78333333303095,1647.6011
-20.900000000010323,140.78749999969762,2015.5929
-20.900000000010323,140.79166666636428,2028.4414
-20.900000000010323,140.79583333303097,1902.3676
-20.900000000010323,140.79999999969763,1760.619
-20.900000000010323,140.8041666663643,1741.1279
-20.900000000010323,140.808333333031,2003.6986
-20.904166666676993,140.53333333303075,-2299.4482
-20.904166666676993,140.53749999969742,-2558.2234
-20.904166666676993,140.5416666663641,-2222.328
-20.904166666676993,140.54583333303077,-1576.0366
-20.904166666676993,140.54999999969743,-760.67395
-20.904166666676993,140.5541666663641,2.0452805
-20.904166666676993,140.55833333303076,415.30893
-20.904166666676993,140.56249999969745,-646.1517
-20.904166666676993,140.5666666663641,-2170.4165
-20.904166666676993,140.57083333303078,-3884.938
-20.904166666676993,140.57499999969747,-5891.2925
-20.904166666676993,140.57916666636413,-4763.3535
-20.904166666676993,140.5833333330308,-3977.9788
-20.904166666676993,140.58749999969746,-3285.5127
-20.904166666676993,140.59166666636412,-2714.328
-20.904166666676993,140.5958333330308,-2179.0386
-20.904166666676993,140.59999999969747,-1806.4597
-20.904166666676993,140.60416666636414,-1474.5941
-20.904166666676993,140.60833333303083,-1200.5527
-20.904166666676993,140.6124999996975,-984.03284
-20.904166666676993,140.61666666636415,-852.0428
-20.904166666676993,140.62083333303082,-834.7701
-20.904166666676993,140.62499999969748,-876.8667
-20.904166666676993,140.62916666636417,-945.46533
-20.904166666676993,140.63333333303083,-1041.9382
-20.904166666676993,140.6374999996975,-1072.4543
-20.904166666676993,140.6416666663642,-1175.5989
-20.904166666676993,140.64583333303085,-1373.3102
-20.904166666676993,140.6499999996975,-1630.3907
-20.904166666676993,140.65416666636418,-1826.0696
-20.904166666676993,140.65833333303084,-1305.3029
-20.904166666676993,140.66249999969753,-674.2231
-20.904166666676993,140.6666666663642,-70.422485
-20.904166666676993,140.67083333303086,377.61533
-20.904166666676993,140.67499999969755,-88.24162
-20.904166666676993,140.6791666663642,-660.5516
-20.904166666676993,140.68333333303087,-1222.5638
-20.904166666676993,140.68749999969754,-1696.6749
-20.904166666676993,140.6916666663642,-2071.7683
-20.904166666676993,140.6958333330309,-2151.3516
-20.904166666676993,140.69999999969755,-2163.2844
-20.904166666676993,140.70416666636422,-2125.7305
-20.904166666676993,140.7083333330309,-1980.2587
-20.904166666676993,140.71249999969757,-1570.4192
-20.904166666676993,140.71666666636423,-377.15222
-20.904166666676993,140.7208333330309,1045.1129
-20.904166666676993,140.72499999969756,2418.3875
-20.904166666676993,140.72916666636425,3467.8257
-20.904166666676993,140.7333333330309,3346.9321
-20.904166666676993,140.73749999969758,2735.3865
-20.904166666676993,140.74166666636427,1700.2272
-20.904166666676993,140.74583333303093,381.51263
-20.904166666676993,140.7499999996976,-1415.5197
-20.904166666676993,140.75416666636426,-713.4929
-20.904166666676993,140.75833333303092,-398.74692
-20.904166666676993,140.7624999996976,-166.04552
-20.904166666676993,140.76666666636427,29.443235
-20.904166666676993,140.77083333303094,353.547
-20.904166666676993,140.77499999969763,924.02026
-20.904166666676993,140.7791666663643,1645.5126
-20.904166666676993,140.78333333303095,2399.0007
-20.904166666676993,140.78749999969762,3057.0596
-20.904166666676993,140.79166666636428,2984.1628
-20.904166666676993,140.79583333303097,2802.4304
-20.904166666676993,140.79999999969763,2616.9126
-20.904166666676993,140.8041666663643,2539.6702
-20.904166666676993,140.808333333031,2649.0876
-20.908333333343663,140.53333333303075,-2163.685
-20.908333333343663,140.53749999969742,-2614.664
-20.908333333343663,140.5416666663641,-2131.122
-20.908333333343663,140.54583333303077,-1487.7981
-20.908333333343663,140.54999999969743,-607.4747
-20.908333333343663,140.5541666663641,383.41315
-20.908333333343663,140.55833333303076,1667.9138
-20.908333333343663,140.56249999969745,-264.368
-20.908333333343663,140.5666666663641,-1935.609
-20.908333333343663,140.57083333303078,-3465.0837
-20.908333333343663,140.57499999969747,-4601.3
-20.908333333343663,140.57916666636413,-4368.317
-20.908333333343663,140.5833333330308,-3857.536
-20.908333333343663,140.58749999969746,-3271.0244
-20.908333333343663,140.59166666636412,-2693.4385
-20.908333333343663,140.5958333330308,-2085.9517
-20.908333333343663,140.59999999969747,-1821.8221
-20.908333333343663,140.60416666636414,-1537.4817
-20.908333333343663,140.60833333303083,-1277.9497
-20.908333333343663,140.6124999996975,-1058.42
-20.908333333343663,140.61666666636415,-887.7661
-20.908333333343663,140.62083333303082,-879.42334
-20.908333333343663,140.62499999969748,-895.9753
-20.908333333343663,140.62916666636417,-924.6044
-20.908333333343663,140.63333333303083,-946.791
-20.908333333343663,140.6374999996975,-950.3928
-20.908333333343663,140.6416666663642,-1001.4775
-20.908333333343663,140.64583333303085,-1192.7219
-20.908333333343663,140.6499999996975,-1550.827
-20.908333333343663,140.65416666636418,-2230.0508
-20.908333333343663,140.65833333303084,-1178.0571
-20.908333333343663,140.66249999969753,-325.2961
-20.908333333343663,140.6666666663642,527.2443
-20.908333333343663,140.67083333303086,1625.8124
-20.908333333343663,140.67499999969755,450.20557
-20.908333333343663,140.6791666663642,-377.33374
-20.908333333343663,140.68333333303087,-1068.4347
-20.908333333343663,140.68749999969754,-1619.5388
-20.908333333343663,140.6916666663642,-2168.401
-20.908333333343663,140.6958333330309,-2084.0151
-20.908333333343663,140.69999999969755,-2060.1748
-20.908333333343663,140.70416666636422,-2061.2004
-20.908333333343663,140.7083333330309,-2047.0609
-20.908333333343663,140.71249999969757,-2034.947
-20.908333333343663,140.71666666636423,-400.8247
-20.908333333343663,140.7208333330309,1256.0936
-20.908333333343663,140.72499999969756,2904.9507
-20.908333333343663,140.72916666636425,4575.8413
-20.908333333343663,140.7333333330309,3862.3362
-20.908333333343663,140.73749999969758,3071.4832
-20.908333333343663,140.74166666636427,2059.7195
-20.908333333343663,140.74583333303093,972.27026
-20.908333333343663,140.7499999996976,-74.35891
-20.908333333343663,140.75416666636426,-138.43674
-20.908333333343663,140.75833333303092,-87.89843
-20.908333333343663,140.7624999996976,9.757989
-20.908333333343663,140.76666666636427,140.86876
-20.908333333343663,140.77083333303094,387.5656
-20.908333333343663,140.77499999969763,1141.3448
-20.908333333343663,140.7791666663643,2059.8442
-20.908333333343663,140.78333333303095,3094.2717
-20.908333333343663,140.78749999969762,4353.83
-20.908333333343663,140.79166666636428,3839.3525
-20.908333333343663,140.79583333303097,3550.5999
-20.908333333343663,140.79999999969763,3316.8347
-20.908333333343663,140.8041666663643,3154.463
-20.908333333343663,140.808333333031,2937.5225
-20.912500000010333,140.53333333303075,-1918.7584
-20.912500000010333,140.53749999969742,-2192.3958
-20.912500000010333,140.5416666663641,-2006.3091
-20.912500000010333,140.54583333303077,-1589.2299
-20.912500000010333,140.54999999969743,-1004.9875
-20.912500000010333,140.5541666663641,-425.473
-20.912500000010333,140.55833333303076,-57.45387
-20.912500000010333,140.56249999969745,-976.89746
-20.912500000010333,140.5666666663641,-2095.3706
-20.912500000010333,140.57083333303078,-3146.0938
-20.912500000010333,140.57499999969747,-3852.95
-20.912500000010333,140.57916666636413,-3856.4756
-20.912500000010333,140.5833333330308,-3558.1284
-20.912500000010333,140.58749999969746,-3144.4526
-20.912500000010333,140.59166666636412,-2701.161
-20.912500000010333,140.5958333330308,-2259.2534
-20.912500000010333,140.59999999969747,-1929.9996
-20.912500000010333,140.60416666636414,-1626.8119
-20.912500000010333,140.60833333303083,-1359.7354
-20.912500000010333,140.6124999996975,-1142.8225
-20.912500000010333,140.61666666636415,-990.3823
-20.912500000010333,140.62083333303082,-932.1175
-20.912500000010333,140.62499999969748,-910.12604
-20.912500000010333,140.62916666636417,-890.7921
-20.912500000010333,140.63333333303083,-843.3284
-20.912500000010333,140.6374999996975,-751.77216
-20.912500000010333,140.6416666663642,-664.07684
-20.912500000010333,140.64583333303085,-642.084
-20.912500000010333,140.6499999996975,-704.92957
-20.912500000010333,140.65416666636418,-832.3764
-20.912500000010333,140.65833333303084,-468.32767
-20.912500000010333,140.66249999969753,-99.40078
-20.912500000010333,140.6666666663642,252.0205
-20.912500000010333,140.67083333303086,528.05566
-20.912500000010333,140.67499999969755,9.821356
-20.912500000010333,140.6791666663642,-529.48047
-20.912500000010333,140.68333333303087,-1008.73663
-20.912500000010333,140.68749999969754,-1389.3762
-20.912500000010333,140.6916666663642,-1689.3387
-20.912500000010333,140.6958333330309,-1740.3038
-20.912500000010333,140.69999999969755,-1758.1035
-20.912500000010333,140.70416666636422,-1746.2664
-20.912500000010333,140.7083333330309,-1626.1211
-20.912500000010333,140.71249999969757,-1242.409
-20.912500000010333,140.71666666636423,-83.60653
-20.912500000010333,140.7208333330309,1321.0002
-20.912500000010333,140.72499999969756,2710.686
-20.912500000010333,140.72916666636425,3786.0212
-20.912500000010333,140.7333333330309,3712.0059
-20.912500000010333,140.73749999969758,3221.0698
-20.912500000010333,140.74166666636427,2490.4702
-20.912500000010333,140.74583333303093,1686.7786
-20.912500000010333,140.7499999996976,947.45734
-20.912500000010333,140.75416666636426,600.9748
-20.912500000010333,140.75833333303092,400.05994
-20.912500000010333,140.7624999996976,304.64627
-20.912500000010333,140.76666666636427,346.85147
-20.912500000010333,140.77083333303094,628.55273
-20.912500000010333,140.77499999969763,1307.7305
-20.912500000010333,140.7791666663643,2186.6948
-20.912500000010333,140.78333333303095,3104.0981
-20.912500000010333,140.78749999969762,3908.8308
-20.912500000010333,140.79166666636428,3991.5027
-20.912500000010333,140.79583333303097,3967.6943
-20.912500000010333,140.79999999969763,3921.0657
-20.912500000010333,140.8041666663643,3881.487
-20.912500000010333,140.808333333031,3806.648
-20.916666666677003,140.53333333303075,-1745.9995
-20.916666666677003,140.53749999969742,-2017.9607
-20.916666666677003,140.5416666663641,-1992.9858
-20.916666666677003,140.54583333303077,-1814.8005
-20.916666666677003,140.54999999969743,-1568.2754
-20.916666666677003,140.5541666663641,-1367.0322
-20.916666666677003,140.55833333303076,-1361.8973
-20.916666666677003,140.56249999969745,-1811.5164
-20.916666666677003,140.5666666663641,-2423.586
-20.916666666677003,140.57083333303078,-2994.8389
-20.916666666677003,140.57499999969747,-3347.9263
-20.916666666677003,140.57916666636413,-3374.4185
-20.916666666677003,140.5833333330308,-3218.9475
-20.916666666677003,140.58749999969746,-2963.146
-20.916666666677003,140.59166666636412,-2667.0505
-20.916666666677003,140.5958333330308,-2353.2324
-20.916666666677003,140.59999999969747,-2014.6437
-20.916666666677003,140.60416666636414,-1691.5856
-20.916666666677003,140.60833333303083,-1409.1926
-20.916666666677003,140.6124999996975,-1185.6765
-20.916666666677003,140.61666666636415,-1033.6458
-20.916666666677003,140.62083333303082,-959.51
-20.916666666677003,140.62499999969748,-920.8167
-20.916666666677003,140.62916666636417,-873.0057
-20.916666666677003,140.63333333303083,-770.0633
-20.916666666677003,140.6374999996975,-543.9932
-20.916666666677003,140.6416666663642,-263.02158
-20.916666666677003,140.64583333303085,33.5909
-20.916666666677003,140.6499999996975,292.15863
-20.916666666677003,140.65416666636418,435.1569
-20.916666666677003,140.65833333303084,279.0846
-20.916666666677003,140.66249999969753,39.552773
-20.916666666677003,140.6666666663642,-197.9743
-20.916666666677003,140.67083333303086,-412.60324
-20.916666666677003,140.67499999969755,-662.8244
-20.916666666677003,140.6791666663642,-878.71375
-20.916666666677003,140.68333333303087,-1050.0526
-20.916666666677003,140.68749999969754,-1182.3008
-20.916666666677003,140.6916666663642,-1288.8735
-20.916666666677003,140.6958333330309,-1338.4602
-20.916666666677003,140.69999999969755,-1377.2961
-20.916666666677003,140.70416666636422,-1373.4331
-20.916666666677003,140.7083333330309,-1228.108
-20.916666666677003,140.71249999969757,-793.4329
-20.916666666677003,140.71666666636423,131.36475
-20.916666666677003,140.7208333330309,1314.527
-20.916666666677003,140.72499999969756,2513.832
-20.916666666677003,140.72916666636425,3424.891
-20.916666666677003,140.7333333330309,3577.3113
-20.916666666677003,140.73749999969758,3334.6748
-20.916666666677003,140.74166666636427,2895.2598
-20.916666666677003,140.74583333303093,2393.2922
-20.916666666677003,140.7499999996976,1896.0435
-20.916666666677003,140.75416666636426,1349.8232
-20.916666666677003,140.75833333303092,896.23206
-20.916666666677003,140.7624999996976,575.9949
-20.916666666677003,140.76666666636427,456.03983
-20.916666666677003,140.77083333303094,636.3883
-20.916666666677003,140.77499999969763,1327.4752
-20.916666666677003,140.7791666663643,2197.7556
-20.916666666677003,140.78333333303095,3041.8591
-20.916666666677003,140.78749999969762,3708.159
-20.916666666677003,140.79166666636428,4064.1155
-20.916666666677003,140.79583333303097,4275.108
-20.916666666677003,140.79999999969763,4438.675
-20.916666666677003,140.8041666663643,4558.8926
-20.916666666677003,140.808333333031,4547.1016
-20.920833333343673,140.53333333303075,-1582.6343
-20.920833333343673,140.53749999969742,-1918.1536
-20.920833333343673,140.5416666663641,-1986.6891
-20.920833333343673,140.54583333303077,-2011.6746
-20.920833333343673,140.54999999969743,-2062.9875
-20.920833333343673,140.5541666663641,-2201.555
-20.920833333343673,140.55833333303076,-2468.6172
-20.920833333343673,140.56249999969745,-2587.5273
-20.920833333343673,140.5666666663641,-2790.6394
-20.920833333343673,140.57083333303078,-2979.107
-20.920833333343673,140.57499999969747,-3065.7185
-20.920833333343673,140.57916666636413,-2988.4626
-20.920833333343673,140.5833333330308,-2899.4153
-20.920833333343673,140.58749999969746,-2757.0962
-20.920833333343673,140.59166666636412,-2590.6255
-20.920833333343673,140.5958333330308,-2406.1926
-20.920833333343673,140.59999999969747,-2042.9608
-20.920833333343673,140.60416666636414,-1696.847
-20.920833333343673,140.60833333303083,-1400.282
-20.920833333343673,140.6124999996975,-1171.3386
-20.920833333343673,140.61666666636415,-1018.1187
-20.920833333343673,140.62083333303082,-953.12976
-20.920833333343673,140.62499999969748,-928.83875
-20.920833333343673,140.62916666636417,-887.96014
-20.920833333343673,140.63333333303083,-778.9719
-20.920833333343673,140.6374999996975,-405.3026
-20.920833333343673,140.6416666663642,68.391685
-20.920833333343673,140.64583333303085,646.1982
-20.920833333343673,140.6499999996975,1245.1613
-20.920833333343673,140.65416666636418,1726.9935
-20.920833333343673,140.65833333303084,949.9294
-20.920833333343673,140.66249999969753,61.495445
-20.920833333343673,140.6666666663642,-771.41113
-20.920833333343673,140.67083333303086,-1437.9814
-20.920833333343673,140.67499999969755,-1430.2744
-20.920833333343673,140.6791666663642,-1307.5416
-20.920833333343673,140.68333333303087,-1143.0482
-20.920833333343673,140.68749999969754,-991.5103
-20.920833333343673,140.6916666663642,-886.2673
-20.920833333343673,140.6958333330309,-915.62695
-20.920833333343673,140.69999999969755,-993.2679
-20.920833333343673,140.70416666636422,-1038.4352
-20.920833333343673,140.7083333330309,-933.50037
-20.920833333343673,140.71249999969757,-532.5166
-20.920833333343673,140.71666666636423,225.68607
-20.920833333343673,140.7208333330309,1253.8384
-20.920833333343673,140.72499999969756,2354.08
-20.920833333343673,140.72916666636425,3266.3022
-20.920833333343673,140.7333333330309,3473.0056
-20.920833333343673,140.73749999969758,3394.3645
-20.920833333343673,140.74166666636427,3196.3088
-20.920833333343673,140.74583333303093,2964.454
-20.920833333343673,140.7499999996976,2707.2925
-20.920833333343673,140.75416666636426,1973.735
-20.920833333343673,140.75833333303092,1299.803
-20.920833333343673,140.7624999996976,755.8441
-20.920833333343673,140.76666666636427,444.4329
-20.920833333343673,140.77083333303094,439.76074
-20.920833333343673,140.77499999969763,1278.0883
-20.920833333343673,140.7791666663643,2221.1702
-20.920833333343673,140.78333333303095,3052.3845
-20.920833333343673,140.78749999969762,3622.5046
-20.920833333343673,140.79166666636428,4173.778
-20.920833333343673,140.79583333303097,4542.8394
-20.920833333343673,140.79999999969763,4867.3467
-20.920833333343673,140.8041666663643,5142.0996
-20.920833333343673,140.808333333031,5287.544
-20.925000000010343,140.53333333303075,-1364.8112
-20.925000000010343,140.53749999969742,-1908.7777
-20.925000000010343,140.5416666663641,-1901.9895
-20.925000000010343,140.54583333303077,-2061.2646
-20.925000000010343,140.54999999969743,-2349.7954
-20.925000000010343,140.5541666663641,-2766.9307
-20.925000000010343,140.55833333303076,-3420.632
-20.925000000010343,140.56249999969745,-3139.9407
-20.925000000010343,140.5666666663641,-3045.3828
-20.925000000010343,140.57083333303078,-2961.7754
-20.925000000010343,140.57499999969747,-2835.4355
-20.925000000010343,140.57916666636413,-2591.6284
-20.925000000010343,140.5833333330308,-2587.4265
-20.925000000010343,140.58749999969746,-2517.4622
-20.925000000010343,140.59166666636412,-2451.079
-20.925000000010343,140.5958333330308,-2467.8171
-20.925000000010343,140.59999999969747,-1982.16
-20.925000000010343,140.60416666636414,-1614.1744
-20.925000000010343,140.60833333303083,-1317.3049
-20.925000000010343,140.6124999996975,-1091.8468
-20.925000000010343,140.61666666636415,-937.0918
-20.925000000010343,140.62083333303082,-905.4564
-20.925000000010343,140.62499999969748,-922.8904
-20.925000000010343,140.62916666636417,-933.2415
-20.925000000010343,140.63333333303083,-952.5276
-20.925000000010343,140.6374999996975,-398.29208
-20.925000000010343,140.6416666663642,191.36531
-20.925000000010343,140.64583333303085,966.55774
-20.925000000010343,140.6499999996975,1908.575
-20.925000000010343,140.65416666636418,3329.7102
-20.925000000010343,140.65833333303084,1376.4574
-20.925000000010343,140.66249999969753,-119.75902
-20.925000000010343,140.6666666663642,-1452.1697
-20.925000000010343,140.67083333303086,-2761.214
-20.925000000010343,140.67499999969755,-2195.9429
-20.925000000010343,140.6791666663642,-1719.4375
-20.925000000010343,140.68333333303087,-1239.7292
-20.925000000010343,140.68749999969754,-819.3853
-20.925000000010343,140.6916666663642,-489.33548
-20.925000000010343,140.6958333330309,-529.9696
-20.925000000010343,140.69999999969755,-668.36475
-20.925000000010343,140.70416666636422,-806.08234
-20.925000000010343,140.7083333330309,-807.80695
-20.925000000010343,140.71249999969757,-496.92596
-20.925000000010343,140.71666666636423,155.75662
-20.925000000010343,140.7208333330309,1100.7434
-20.925000000010343,140.72499999969756,2205.6567
-20.925000000010343,140.72916666636425,3395.62
-20.925000000010343,140.7333333330309,3365.0142
-20.925000000010343,140.73749999969758,3324.4292
-20.925000000010343,140.74166666636427,3299.5881
-20.925000000010343,140.74583333303093,3339.0747
-20.925000000010343,140.7499999996976,3605.6628
-20.925000000010343,140.75416666636426,2425.875
-20.925000000010343,140.75833333303092,1561.6833
-20.925000000010343,140.7624999996976,860.08575
-20.925000000010343,140.76666666636427,385.33243
-20.925000000010343,140.77083333303094,-77.759026
-20.925000000010343,140.77499999969763,1309.2422
-20.925000000010343,140.7791666663643,2440.9663
-20.925000000010343,140.78333333303095,3310.7764
-20.925000000010343,140.78749999969762,3663.2551
-20.925000000010343,140.79166666636428,4407.772
-20.925000000010343,140.79583333303097,4764.6597
-20.925000000010343,140.79999999969763,5094.248
-20.925000000010343,140.8041666663643,5475.0547
-20.925000000010343,140.808333333031,6297.85
-20.929166666677013,140.53333333303075,-805.56506
-20.929166666677013,140.53749999969742,-1157.1603
-20.929166666677013,140.5416666663641,-1453.0809
-20.929166666677013,140.54583333303077,-1841.7386
-20.929166666677013,140.54999999969743,-2287.4434
-20.929166666677013,140.5541666663641,-2739.3328
-20.929166666677013,140.55833333303076,-3137.0105
-20.929166666677013,140.56249999969745,-3118.684
-20.929166666677013,140.5666666663641,-3031.6743
-20.929166666677013,140.57083333303078,-2895.6343
-20.929166666677013,140.57499999969747,-2718.7437
-20.929166666677013,140.57916666636413,-2500.2468
-20.929166666677013,140.5833333330308,-2364.3892
-20.929166666677013,140.58749999969746,-2221.2017
-20.929166666677013,140.59166666636412,-2075.5337
-20.929166666677013,140.5958333330308,-1936.0846
-20.929166666677013,140.59999999969747,-1653.1471
-20.929166666677013,140.60416666636414,-1395.7504
-20.929166666677013,140.60833333303083,-1166.7542
-20.929166666677013,140.6124999996975,-969.7571
-20.929166666677013,140.61666666636415,-784.96326
-20.929166666677013,140.62083333303082,-827.69525
-20.929166666677013,140.62499999969748,-861.279
-20.929166666677013,140.62916666636417,-861.2133
-20.929166666677013,140.63333333303083,-776.84326
-20.929166666677013,140.6374999996975,-419.668
-20.929166666677013,140.6416666663642,34.67829
-20.929166666677013,140.64583333303085,572.85675
-20.929166666677013,140.6499999996975,1093.8528
-20.929166666677013,140.65416666636418,1434.8441
-20.929166666677013,140.65833333303084,437.83658
-20.929166666677013,140.66249999969753,-706.33685
-20.929166666677013,140.6666666663642,-1760.605
-20.929166666677013,140.67083333303086,-2525.1465
-20.929166666677013,140.67499999969755,-2377.9177
-20.929166666677013,140.6791666663642,-1917.2823
-20.929166666677013,140.68333333303087,-1298.2576
-20.929166666677013,140.68749999969754,-654.5105
-20.929166666677013,140.6916666663642,15.642384
-20.929166666677013,140.6958333330309,-183.76317
-20.929166666677013,140.69999999969755,-429.04828
-20.929166666677013,140.70416666636422,-699.99615
-20.929166666677013,140.7083333330309,-874.9588
-20.929166666677013,140.71249999969757,-642.64215
-20.929166666677013,140.71666666636423,-95.79111
-20.929166666677013,140.7208333330309,716.1683
-20.929166666677013,140.72499999969756,1643.5387
-20.929166666677013,140.72916666636425,2493.9827
-20.929166666677013,140.7333333330309,2810.4937
-20.929166666677013,140.73749999969758,2939.9617
-20.929166666677013,140.74166666636427,2988.6968
-20.929166666677013,140.74583333303093,2982.8494
-20.929166666677013,140.7499999996976,2879.9404
-20.929166666677013,140.75416666636426,2198.1567
-20.929166666677013,140.75833333303092,1533.5319
-20.929166666677013,140.7624999996976,1019.96185
-20.929166666677013,140.76666666636427,808.3003
-20.929166666677013,140.77083333303094,990.54126
-20.929166666677013,140.77499999969763,2048.4817
-20.929166666677013,140.7791666663643,3196.0984
-20.929166666677013,140.78333333303095,4157.711
-20.929166666677013,140.78749999969762,4706.6675
-20.929166666677013,140.79166666636428,5004.535
-20.929166666677013,140.79583333303097,4952.7686
-20.929166666677013,140.79999999969763,4766.2896
-20.929166666677013,140.8041666663643,4522.48
-20.929166666677013,140.808333333031,4226.4346
-20.933333333343683,140.53333333303075,-152.517
-20.933333333343683,140.53749999969742,-421.2669
-20.933333333343683,140.5416666663641,-917.5471
-20.933333333343683,140.54583333303077,-1543.4304
-20.933333333343683,140.54999999969743,-2149.3782
-20.933333333343683,140.5541666663641,-2608.8096
-20.933333333343683,140.55833333303076,-2903.1316
-20.933333333343683,140.56249999969745,-2945.6338
-20.933333333343683,140.5666666663641,-2880.6956
-20.933333333343683,140.57083333303078,-2749.7815
-20.933333333343683,140.57499999969747,-2567.3809
-20.933333333343683,140.57916666636413,-2348.9136
-20.933333333343683,140.5833333330308,-2141.0723
-20.933333333343683,140.58749999969746,-1907.3143
-20.933333333343683,140.59166666636412,-1657.2156
-20.933333333343683,140.5958333330308,-1422.9802
-20.933333333343683,140.59999999969747,-1268.669
-20.933333333343683,140.60416666636414,-1141.8928
-20.933333333343683,140.60833333303083,-1020.8678
-20.933333333343683,140.6124999996975,-905.44055
-20.933333333343683,140.61666666636415,-812.7621
-20.933333333343683,140.62083333303082,-816.5447
-20.933333333343683,140.62499999969748,-837.3154
-20.933333333343683,140.62916666636417,-836.51825
-20.933333333343683,140.63333333303083,-769.2646
-20.933333333343683,140.6374999996975,-568.8852
-20.933333333343683,140.6416666663642,-321.56256
-20.933333333343683,140.64583333303085,-92.33928
-20.933333333343683,140.6499999996975,31.434267
-20.933333333343683,140.65416666636418,-75.83041
-20.933333333343683,140.65833333303084,-679.6139
-20.933333333343683,140.66249999969753,-1449.246
-20.933333333343683,140.6666666663642,-2179.94
-20.933333333343683,140.67083333303086,-2671.8599
-20.933333333343683,140.67499999969755,-2628.6682
-20.933333333343683,140.6791666663642,-2127.3518
-20.933333333343683,140.68333333303087,-1435.4382
-20.933333333343683,140.68749999969754,-732.83276
-20.933333333343683,140.6916666663642,-171.35857
-20.933333333343683,140.6958333330309,-99.681786
-20.933333333343683,140.69999999969755,-315.21176
-20.933333333343683,140.70416666636422,-665.60333
-20.933333333343683,140.7083333330309,-959.6761
-20.933333333343683,140.71249999969757,-962.6036
-20.933333333343683,140.71666666636423,-498.33316
-20.933333333343683,140.7208333330309,223.88992
-20.933333333343683,140.72499999969756,1042.8374
-20.933333333343683,140.72916666636425,1782.3685
-20.933333333343683,140.7333333330309,2227.008
-20.933333333343683,140.73749999969758,2444.0393
-20.933333333343683,140.74166666636427,2528.176
-20.933333333343683,140.74583333303093,2497.8884
-20.933333333343683,140.7499999996976,2315.2185
-20.933333333343683,140.75416666636426,1847.8434
-20.933333333343683,140.75833333303092,1364.9688
-20.933333333343683,140.7624999996976,1058.3035
-20.933333333343683,140.76666666636427,1114.4763
-20.933333333343683,140.77083333303094,1692.8496
-20.933333333343683,140.77499999969763,2851.3843
-20.933333333343683,140.7791666663643,4172.4976
-20.933333333343683,140.78333333303095,5326.011
-20.933333333343683,140.78749999969762,6007.02
-20.933333333343683,140.79166666636428,5795.6587
-20.933333333343683,140.79583333303097,5124.4478
-20.933333333343683,140.79999999969763,4242.084
-20.933333333343683,140.8041666663643,3303.0518
-20.933333333343683,140.808333333031,2370.9124
-20.937500000010353,140.53333333303075,533.70544
-20.937500000010353,140.53749999969742,428.55847
-20.937500000010353,140.5416666663641,-381.9389
-20.937500000010353,140.54583333303077,-1334.7291
-20.937500000010353,140.54999999969743,-2129.5764
-20.937500000010353,140.5541666663641,-2569.858
-20.937500000010353,140.55833333303076,-2749.8752
-20.937500000010353,140.56249999969745,-2758.0662
-20.937500000010353,140.5666666663641,-2691.8582
-20.937500000010353,140.57083333303078,-2578.318
-20.937500000010353,140.57499999969747,-2418.9167
-20.937500000010353,140.57916666636413,-2198.0393
-20.937500000010353,140.5833333330308,-1946.3771
-20.937500000010353,140.58749999969746,-1626.7773
-20.937500000010353,140.59166666636412,-1264.0339
-20.937500000010353,140.5958333330308,-909.635
-20.937500000010353,140.59999999969747,-904.2171
-20.937500000010353,140.60416666636414,-918.4094
-20.937500000010353,140.60833333303083,-911.8288
-20.937500000010353,140.6124999996975,-871.28516
-20.937500000010353,140.61666666636415,-830.52106
-20.937500000010353,140.62083333303082,-832.65247
-20.937500000010353,140.62499999969748,-853.3253
-20.937500000010353,140.62916666636417,-869.9477
-20.937500000010353,140.63333333303083,-858.14185
-20.937500000010353,140.6374999996975,-781.2497
-20.937500000010353,140.6416666663642,-729.86127
-20.937500000010353,140.64583333303085,-783.0657
-20.937500000010353,140.6499999996975,-998.2244
-20.937500000010353,140.65416666636418,-1414.5111
-20.937500000010353,140.65833333303084,-1725.3346
-20.937500000010353,140.66249999969753,-2166.1863
-20.937500000010353,140.6666666663642,-2628.7583
-20.937500000010353,140.67083333303086,-2960.35
-20.937500000010353,140.67499999969755,-2987.4763
-20.937500000010353,140.6791666663642,-2355.9666
-20.937500000010353,140.68333333303087,-1556.0334
-20.937500000010353,140.68749999969754,-756.85266
-20.937500000010353,140.6916666663642,-129.55455
-20.937500000010353,140.6958333330309,108.2461
-20.937500000010353,140.69999999969755,-172.85295
-20.937500000010353,140.70416666636422,-676.054
-20.937500000010353,140.7083333330309,-1177.835
-20.937500000010353,140.71249999969757,-1463.3477
-20.937500000010353,140.71666666636423,-995.25006
-20.937500000010353,140.7208333330309,-306.1756
-20.937500000010353,140.72499999969756,454.69803
-20.937500000010353,140.72916666636425,1148.1401
-20.937500000010353,140.7333333330309,1681.12
-20.937500000010353,140.73749999969758,1944.1829
-20.937500000010353,140.74166666636427,2061.7705
-20.937500000010353,140.74583333303093,2037.2184
-20.937500000010353,140.7499999996976,1844.176
-20.937500000010353,140.75416666636426,1502.7175
-20.937500000010353,140.75833333303092,1122.8175
-20.937500000010353,140.7624999996976,909.75824
-20.937500000010353,140.76666666636427,1097.3146
-20.937500000010353,140.77083333303094,2062.677
-20.937500000010353,140.77499999969763,3497.8176
-20.937500000010353,140.7791666663643,5134.683
-20.937500000010353,140.78333333303095,6618.4756
-20.937500000010353,140.78749999969762,7615.984
-20.937500000010353,140.79166666636428,6715.658
-20.937500000010353,140.79583333303097,5323.143
-20.937500000010353,140.79999999969763,3692.156
-20.937500000010353,140.8041666663643,2056.1777
-20.937500000010353,140.808333333031,520.76025
-20.941666666677023,140.53333333303075,1055.0061
-20.941666666677023,140.53749999969742,1293.305
-20.941666666677023,140.5416666663641,-61.65059
-20.941666666677023,140.54583333303077,-1460.1962
-20.941666666677023,140.54999999969743,-2534.499
-20.941666666677023,140.5541666663641,-2804.8574
-20.941666666677023,140.55833333303076,-2770.821
-20.941666666677023,140.56249999969745,-2638.1372
-20.941666666677023,140.5666666663641,-2531.6208
-20.941666666677023,140.57083333303078,-2429.0017
-20.941666666677023,140.57499999969747,-2300.006
-20.941666666677023,140.57916666636413,-2082.333
-20.941666666677023,140.5833333330308,-1836.5219
-20.941666666677023,140.58749999969746,-1458.4156
-20.941666666677023,140.59166666636412,-980.41156
-20.941666666677023,140.5958333330308,-332.8133
-20.941666666677023,140.59999999969747,-646.1658
-20.941666666677023,140.60416666636414,-802.17255
-20.941666666677023,140.60833333303083,-884.9932
-20.941666666677023,140.6124999996975,-889.20575
-20.941666666677023,140.61666666636415,-869.6196
-20.941666666677023,140.62083333303082,-878.3141
-20.941666666677023,140.62499999969748,-901.5993
-20.941666666677023,140.62916666636417,-938.7266
-20.941666666677023,140.63333333303083,-992.37775
-20.941666666677023,140.6374999996975,-975.0042
-20.941666666677023,140.6416666663642,-1051.3226
-20.941666666677023,140.64583333303085,-1307.2914
-20.941666666677023,140.6499999996975,-1784.5581
-20.941666666677023,140.65416666636418,-2602.7507
-20.941666666677023,140.65833333303084,-2502.9646
-20.941666666677023,140.66249999969753,-2676.9727
-20.941666666677023,140.6666666663642,-2962.4111
-20.941666666677023,140.67083333303086,-3256.6763
-20.941666666677023,140.67499999969755,-3556.052
-20.941666666677023,140.6791666663642,-2549.3213
-20.941666666677023,140.68333333303087,-1601.7996
-20.941666666677023,140.68749999969754,-684.4013
-20.941666666677023,140.6916666663642,66.237564
-20.941666666677023,140.6958333330309,514.90063
-20.941666666677023,140.69999999969755,55.326225
-20.941666666677023,140.70416666636422,-653.3555
-20.941666666677023,140.7083333330309,-1427.7249
-20.941666666677023,140.71249999969757,-2266.46
-20.941666666677023,140.71666666636423,-1497.6931
-20.941666666677023,140.7208333330309,-789.5325
-20.941666666677023,140.72499999969756,-66.7692
-20.941666666677023,140.72916666636425,609.39
-20.941666666677023,140.7333333330309,1259.5515
-20.941666666677023,140.73749999969758,1492.7756
-20.941666666677023,140.74166666636427,1664.7875
-20.941666666677023,140.74583333303093,1711.2538
-20.941666666677023,140.7499999996976,1567.0927
-20.941666666677023,140.75416666636426,1298.059
-20.941666666677023,140.75833333303092,913.33636
-20.941666666677023,140.7624999996976,646.3815
-20.941666666677023,140.76666666636427,731.794
-20.941666666677023,140.77083333303094,2089.6414
-20.941666666677023,140.77499999969763,3843.8428
-20.941666666677023,140.7791666663643,5842.857
-20.941666666677023,140.78333333303095,7780.5864
-20.941666666677023,140.78749999969762,9874.431
-20.941666666677023,140.79166666636428,7608.0776
-20.941666666677023,140.79583333303097,5496.3086
-20.941666666677023,140.79999999969763,3229.7407
-20.941666666677023,140.8041666663643,990.64484
-20.941666666677023,140.808333333031,-1514.0409
-20.945833333343693,140.53333333303075,1153.8544
-20.945833333343693,140.53749999969742,2513.9692
-20.945833333343693,140.5416666663641,-167.3265
-20.945833333343693,140.54583333303077,-2087.2754
-20.945833333343693,140.54999999969743,-3484.6597
-20.945833333343693,140.5541666663641,-3278.058
-20.945833333343693,140.55833333303076,-2868.6072
-20.945833333343693,140.56249999969745,-2537.6182
-20.945833333343693,140.5666666663641,-2403.0947
-20.945833333343693,140.57083333303078,-2345.0515
-20.945833333343693,140.57499999969747,-2291.4482
-20.945833333343693,140.57916666636413,-2130.5522
-20.945833333343693,140.5833333330308,-1891.0571
-20.945833333343693,140.58749999969746,-1547.4009
-20.945833333343693,140.59166666636412,-1163.3237
-20.945833333343693,140.5958333330308,-806.8332
-20.945833333343693,140.59999999969747,-846.85236
-20.945833333343693,140.60416666636414,-926.4561
-20.945833333343693,140.60833333303083,-986.07806
-20.945833333343693,140.6124999996975,-983.2978
-20.945833333343693,140.61666666636415,-929.83734
-20.945833333343693,140.62083333303082,-946.09045
-20.945833333343693,140.62499999969748,-957.818
-20.945833333343693,140.62916666636417,-998.8684
-20.945833333343693,140.63333333303083,-1152.5938
-20.945833333343693,140.6374999996975,-1071.062
-20.945833333343693,140.6416666663642,-1187.2648
-20.945833333343693,140.64583333303085,-1479.7281
-20.945833333343693,140.6499999996975,-1927.954
-20.945833333343693,140.65416666636418,-2444.9392
-20.945833333343693,140.65833333303084,-2614.7388
-20.945833333343693,140.66249999969753,-2778.6145
-20.945833333343693,140.6666666663642,-2948.9258
-20.945833333343693,140.67083333303086,-3048.968
-20.945833333343693,140.67499999969755,-2975.5764
-20.945833333343693,140.6791666663642,-2300.3945
-20.945833333343693,140.68333333303087,-1470.576
-20.945833333343693,140.68749999969754,-549.39716
-20.945833333343693,140.6916666663642,346.3023
-20.945833333343693,140.6958333330309,1320.6648
-20.945833333343693,140.69999999969755,348.6593
-20.945833333343693,140.70416666636422,-479.89288
-20.945833333343693,140.7083333330309,-1216.0464
-20.945833333343693,140.71249999969757,-1706.2034
-20.945833333343693,140.71666666636423,-1482.0859
-20.945833333343693,140.7208333330309,-1051.8395
-20.945833333343693,140.72499999969756,-537.8366
-20.945833333343693,140.72916666636425,4.093681
-20.945833333343693,140.7333333330309,544.19086
-20.945833333343693,140.73749999969758,972.87714
-20.945833333343693,140.74166666636427,1326.5461
-20.945833333343693,140.74583333303093,1554.92
-20.945833333343693,140.7499999996976,1557.9972
-20.945833333343693,140.75416666636426,1331.9968
-20.945833333343693,140.75833333303092,882.9284
-20.945833333343693,140.7624999996976,403.03876
-20.945833333343693,140.76666666636427,-164.31958
-20.945833333343693,140.77083333303094,1912.6051
-20.945833333343693,140.77499999969763,3910.6143
-20.945833333343693,140.7791666663643,5889.881
-20.945833333343693,140.78333333303095,7498.6167
-20.945833333343693,140.78749999969762,8424.626
-20.945833333343693,140.79166666636428,7177.755
-20.945833333343693,140.79583333303097,5270.4795
-20.945833333343693,140.79999999969763,3062.7073
-20.945833333343693,140.8041666663643,942.1364
-20.945833333343693,140.808333333031,-828.54584
-20.950000000010363,140.53333333303075,-563.35815
-20.950000000010363,140.53749999969742,-541.91187
-20.950000000010363,140.5416666663641,-1984.2006
-20.950000000010363,140.54583333303077,-3519.0576
-20.950000000010363,140.54999999969743,-5330.4766
-20.950000000010363,140.5541666663641,-3806.142
-20.950000000010363,140.55833333303076,-2833.5918
-20.950000000010363,140.56249999969745,-2328.7915
-20.950000000010363,140.5666666663641,-2244.319
-20.950000000010363,140.57083333303078,-2305.1382
-20.950000000010363,140.57499999969747,-2365.7876
-20.950000000010363,140.57916666636413,-2265.148
-20.950000000010363,140.5833333330308,-2049.2024
-20.950000000010363,140.58749999969746,-1748.1173
-20.950000000010363,140.59166666636412,-1439.8602
-20.950000000010363,140.5958333330308,-1191.858
-20.950000000010363,140.59999999969747,-1146.3528
-20.950000000010363,140.60416666636414,-1168.2659
-20.950000000010363,140.60833333303083,-1195.672
-20.950000000010363,140.6124999996975,-1181.5774
-20.950000000010363,140.61666666636415,-1120.7711
-20.950000000010363,140.62083333303082,-1054.5824
-20.950000000010363,140.62499999969748,-971.9121
-20.950000000010363,140.62916666636417,-899.4749
-20.950000000010363,140.63333333303083,-890.3851
-20.950000000010363,140.6374999996975,-939.8251
-20.950000000010363,140.6416666663642,-1129.6338
-20.950000000010363,140.64583333303085,-1448.7311
-20.950000000010363,140.6499999996975,-1856.9585
-20.950000000010363,140.65416666636418,-2263.9023
-20.950000000010363,140.65833333303084,-2503.087
-20.950000000010363,140.66249999969753,-2665.6545
-20.950000000010363,140.6666666663642,-2766.7686
-20.950000000010363,140.67083333303086,-2761.2344
-20.950000000010363,140.67499999969755,-2569.8652
-20.950000000010363,140.6791666663642,-2046.2446
-20.950000000010363,140.68333333303087,-1370.1804
-20.950000000010363,140.68749999969754,-637.26135
-20.950000000010363,140.6916666663642,13.827894
-20.950000000010363,140.6958333330309,441.83887
-20.950000000010363,140.69999999969755,24.767729
-20.950000000010363,140.70416666636422,-547.21173
-20.950000000010363,140.7083333330309,-1093.7461
-20.950000000010363,140.71249999969757,-1453.848
-20.950000000010363,140.71666666636423,-1450.6111
-20.950000000010363,140.7208333330309,-1257.1056
-20.950000000010363,140.72499999969756,-957.248
-20.950000000010363,140.72916666636425,-566.43274
-20.950000000010363,140.7333333330309,-79.64803
-20.950000000010363,140.73749999969758,496.25287
-20.950000000010363,140.74166666636427,1091.673
-20.950000000010363,140.74583333303093,1588.3812
-20.950000000010363,140.7499999996976,1839.992
-20.950000000010363,140.75416666636426,1682.1664
-20.950000000010363,140.75833333303092,1315.8265
-20.950000000010363,140.7624999996976,1009.2062
-20.950000000010363,140.76666666636427,1069.7996
-20.950000000010363,140.77083333303094,2425.499
-20.950000000010363,140.77499999969763,4142.2954
-20.950000000010363,140.7791666663643,5878.3193
-20.950000000010363,140.78333333303095,7220.976
-20.950000000010363,140.78749999969762,7745.5015
-20.950000000010363,140.79166666636428,6793.772
-20.950000000010363,140.79583333303097,5040.431
-20.950000000010363,140.79999999969763,2944.6008
-20.950000000010363,140.8041666663643,941.276
-20.950000000010363,140.808333333031,-570.7621
-20.954166666677033,140.53333333303075,-2474.9624
-20.954166666677033,140.53749999969742,-3059.8877
-20.954166666677033,140.5416666663641,-3580.8555
-20.954166666677033,140.54583333303077,-3999.8247
-20.954166666677033,140.54999999969743,-4163.9526
-20.954166666677033,140.5541666663641,-3052.0725
-20.954166666677033,140.55833333303076,-2036.4458
-20.954166666677033,140.56249999969745,-1796.3651
-20.954166666677033,140.5666666663641,-1981.1426
-20.954166666677033,140.57083333303078,-2312.148
-20.954166666677033,140.57499999969747,-2571.103
-20.954166666677033,140.57916666636413,-2484.6548
-20.954166666677033,140.5833333330308,-2249.0547
-20.954166666677033,140.58749999969746,-1962.7336
-20.954166666677033,140.59166666636412,-1704.2697
-20.954166666677033,140.5958333330308,-1523.654
-20.954166666677033,140.59999999969747,-1451.6095
-20.954166666677033,140.60416666636414,-1450.0496
-20.954166666677033,140.60833333303083,-1464.4875
-20.954166666677033,140.6124999996975,-1443.6855
-20.954166666677033,140.61666666636415,-1343.6569
-20.954166666677033,140.62083333303082,-1187.9514
-20.954166666677033,140.62499999969748,-982.1136
-20.954166666677033,140.62916666636417,-767.9452
-20.954166666677033,140.63333333303083,-608.33344
-20.954166666677033,140.6374999996975,-741.9036
-20.954166666677033,140.6416666663642,-996.05286
-20.954166666677033,140.64583333303085,-1341.899
-20.954166666677033,140.6499999996975,-1723.5062
-20.954166666677033,140.65416666636418,-2075.6763
-20.954166666677033,140.65833333303084,-2322.6853
-20.954166666677033,140.66249999969753,-2473.7883
-20.954166666677033,140.6666666663642,-2530.398
-20.954166666677033,140.67083333303086,-2468.1047
-20.954166666677033,140.67499999969755,-2235.124
-20.954166666677033,140.6791666663642,-1821.1472
-20.954166666677033,140.68333333303087,-1298.31
-20.954166666677033,140.68749999969754,-755.6226
-20.954166666677033,140.6916666663642,-307.74234
-20.954166666677033,140.6958333330309,-102.08161
-20.954166666677033,140.69999999969755,-323.94604
-20.954166666677033,140.70416666636422,-694.2536
-20.954166666677033,140.7083333330309,-1060.8705
-20.954166666677033,140.71249999969757,-1323.2142
-20.954166666677033,140.71666666636423,-1445.8977
-20.954166666677033,140.7208333330309,-1447.9033
-20.954166666677033,140.72499999969756,-1355.6412
-20.954166666677033,140.72916666636425,-1146.5005
-20.954166666677033,140.7333333330309,-739.65186
-20.954166666677033,140.73749999969758,41.86201
-20.954166666677033,140.74166666636427,945.5911
-20.954166666677033,140.74583333303093,1784.3069
-20.954166666677033,140.7499999996976,2377.8916
-20.954166666677033,140.75416666636426,2234.2825
-20.954166666677033,140.75833333303092,1884.2462
-20.954166666677033,140.7624999996976,1604.5804
-20.954166666677033,140.76666666636427,1743.6198
-20.954166666677033,140.77083333303094,2851.5745
-20.954166666677033,140.77499999969763,4376.2856
-20.954166666677033,140.7791666663643,5956.7285
-20.954166666677033,140.78333333303095,7193.026
-20.954166666677033,140.78749999969762,7641.9917
-20.954166666677033,140.79166666636428,6675.8813
-20.954166666677033,140.79583333303097,4909.8003
-20.954166666677033,140.79999999969763,2792.0552
-20.954166666677033,140.8041666663643,765.29425
-20.954166666677033,140.808333333031,-736.47675
-20.958333333343703,140.53333333303075,-4099.5845
-20.958333333343703,140.53749999969742,-5317.891
-20.958333333343703,140.5416666663641,-4901.8765
-20.958333333343703,140.54583333303077,-4298.515
-20.958333333343703,140.54999999969743,-3434.9863
-20.958333333343703,140.5541666663641,-2078.7354
-20.958333333343703,140.55833333303076,-797.80365
-20.958333333343703,140.56249999969745,-1068.2982
-20.958333333343703,140.5666666663641,-1674.8444
-20.958333333343703,140.57083333303078,-2364.635
-20.958333333343703,140.57499999969747,-2903.129
-20.958333333343703,140.57916666636413,-2722.9214
-20.958333333343703,140.5833333330308,-2407.0598
-20.958333333343703,140.58749999969746,-2095.5955
-20.958333333343703,140.59166666636412,-1862.7706
-20.958333333343703,140.5958333330308,-1731.5016
-20.958333333343703,140.59999999969747,-1684.3945
-20.958333333343703,140.60416666636414,-1710.6261
-20.958333333343703,140.60833333303083,-1752.438
-20.958333333343703,140.6124999996975,-1752.8126
-20.958333333343703,140.61666666636415,-1603.3538
-20.958333333343703,140.62083333303082,-1361.8683
-20.958333333343703,140.62499999969748,-1027.5962
-20.958333333343703,140.62916666636417,-653.0986
-20.958333333343703,140.63333333303083,-225.04214
-20.958333333343703,140.6374999996975,-552.79504
-20.958333333343703,140.6416666663642,-883.8684
-20.958333333343703,140.64583333303085,-1261.7014
-20.958333333343703,140.6499999996975,-1630.6884
-20.958333333343703,140.65416666636418,-1952.8326
-20.958333333343703,140.65833333303084,-2175.358
-20.958333333343703,140.66249999969753,-2297.2542
-20.958333333343703,140.6666666663642,-2316.423
-20.958333333343703,140.67083333303086,-2229.916
-20.958333333343703,140.67499999969755,-1982.1105
-20.958333333343703,140.6791666663642,-1629.0443
-20.958333333343703,140.68333333303087,-1220.752
-20.958333333343703,140.68749999969754,-824.70544
-20.958333333343703,140.6916666663642,-524.0911
-20.958333333343703,140.6958333330309,-461.52847
-20.958333333343703,140.69999999969755,-602.32007
-20.958333333343703,140.70416666636422,-837.86505
-20.958333333343703,140.7083333330309,-1077.0824
-20.958333333343703,140.71249999969757,-1271.4094
-20.958333333343703,140.71666666636423,-1463.4419
-20.958333333343703,140.7208333330309,-1607.0364
-20.958333333343703,140.72499999969756,-1704.0271
-20.958333333343703,140.72916666636425,-1683.4656
-20.958333333343703,140.7333333330309,-1435.1702
-20.958333333343703,140.73749999969758,-372.2849
-20.958333333343703,140.74166666636427,871.0561
-20.958333333343703,140.74583333303093,2100.5637
-20.958333333343703,140.7499999996976,3281.8823
-20.958333333343703,140.75416666636426,2874.5344
-20.958333333343703,140.75833333303092,2431.2908
-20.958333333343703,140.7624999996976,2054.774
-20.958333333343703,140.76666666636427,2033.2677
-20.958333333343703,140.77083333303094,3093.3955
-20.958333333343703,140.77499999969763,4530.2134
-20.958333333343703,140.7791666663643,6089.0454
-20.958333333343703,140.78333333303095,7402.3486
-20.958333333343703,140.78749999969762,8098.699
-20.958333333343703,140.79166666636428,6810.4097
-20.958333333343703,140.79583333303097,4857.6743
-20.958333333343703,140.79999999969763,2575.2905
-20.958333333343703,140.8041666663643,379.95593
-20.958333333343703,140.808333333031,-1371.0696
-20.962500000010373,140.53333333303075,-5008.298
-20.962500000010373,140.53749999969742,-7684.811
-20.962500000010373,140.5416666663641,-5687.001
-20.962500000010373,140.54583333303077,-4295.3486
-20.962500000010373,140.54999999969743,-2809.781
-20.962500000010373,140.5541666663641,-1146.8308
-20.962500000010373,140.55833333303076,1074.112
-20.962500000010373,140.56249999969745,-392.2893
-20.962500000010373,140.5666666663641,-1473.6891
-20.962500000010373,140.57083333303078,-2498.1213
-20.962500000010373,140.57499999969747,-3543.3567
-20.962500000010373,140.57916666636413,-2883.9414
-20.962500000010373,140.5833333330308,-2411.2847
-20.962500000010373,140.58749999969746,-2064.4473
-20.962500000010373,140.59166666636412,-1868.0554
-20.962500000010373,140.5958333330308,-1816.6777
-20.962500000010373,140.59999999969747,-1810.9788
-20.962500000010373,140.60416666636414,-1907.6571
-20.962500000010373,140.60833333303083,-2033.0941
-20.962500000010373,140.6124999996975,-2132.583
-20.962500000010373,140.61666666636415,-1932.1989
-20.962500000010373,140.62083333303082,-1609.8677
-20.962500000010373,140.62499999969748,-1195.2476
-20.962500000010373,140.62916666636417,-787.0874
-20.962500000010373,140.63333333303083,-492.3664
-20.962500000010373,140.6374999996975,-610.1654
-20.962500000010373,140.6416666663642,-892.28735
-20.962500000010373,140.64583333303085,-1260.6195
-20.962500000010373,140.6499999996975,-1626.6844
-20.962500000010373,140.65416666636418,-1924.1868
-20.962500000010373,140.65833333303084,-2104.6365
-20.962500000010373,140.66249999969753,-2174.9038
-20.962500000010373,140.6666666663642,-2148.7205
-20.962500000010373,140.67083333303086,-2056.742
-20.962500000010373,140.67499999969755,-1751.316
-20.962500000010373,140.6791666663642,-1434.0906
-20.962500000010373,140.68333333303087,-1107.8429
-20.962500000010373,140.68749999969754,-804.17236
-20.962500000010373,140.6916666663642,-548.7139
-20.962500000010373,140.6958333330309,-613.287
-20.962500000010373,140.69999999969755,-753.262
-20.962500000010373,140.70416666636422,-919.1431
-20.962500000010373,140.7083333330309,-1073.3494
-20.962500000010373,140.71249999969757,-1172.8383
-20.962500000010373,140.71666666636423,-1447.8861
-20.962500000010373,140.7208333330309,-1684.391
-20.962500000010373,140.72499999969756,-1938.0651
-20.962500000010373,140.72916666636425,-2130.8018
-20.962500000010373,140.7333333330309,-2366.692
-20.962500000010373,140.73749999969758,-707.63794
-20.962500000010373,140.74166666636427,791.8536
-20.962500000010373,140.74583333303093,2133.472
-20.962500000010373,140.7499999996976,3076.5334
-20.962500000010373,140.75416666636426,3155.214
-20.962500000010373,140.75833333303092,2818.4714
-20.962500000010373,140.7624999996976,2335.844
-20.962500000010373,140.76666666636427,1737.8151
-20.962500000010373,140.77083333303094,3136.2537
-20.962500000010373,140.77499999969763,4533.791
-20.962500000010373,140.7791666663643,6094.3003
-20.962500000010373,140.78333333303095,7588.308
-20.962500000010373,140.78749999969762,9236.159
-20.962500000010373,140.79166666636428,6962.917
-20.962500000010373,140.79583333303097,4766.8896
-20.962500000010373,140.79999999969763,2338.7322
-20.962500000010373,140.8041666663643,-78.712105
-20.962500000010373,140.808333333031,-2757.9624
-20.966666666677042,140.53333333303075,-3664.7837
-20.966666666677042,140.53749999969742,-5013.1724
-20.966666666677042,140.5416666663641,-4444.2603
-20.966666666677042,140.54583333303077,-3598.6497
-20.966666666677042,140.54999999969743,-2596.2915
-20.966666666677042,140.5541666663641,-1557.5542
-20.966666666677042,140.55833333303076,-623.40106
-20.966666666677042,140.56249999969745,-1063.2441
-20.966666666677042,140.5666666663641,-1669.9724
-20.966666666677042,140.57083333303078,-2261.466
-20.966666666677042,140.57499999969747,-2670.0337
-20.966666666677042,140.57916666636413,-2391.2896
-20.966666666677042,140.5833333330308,-2057.616
-20.966666666677042,140.58749999969746,-1796.6521
-20.966666666677042,140.59166666636412,-1663.3097
-20.966666666677042,140.5958333330308,-1666.121
-20.966666666677042,140.59999999969747,-1782.9373
-20.966666666677042,140.60416666636414,-1995.6097
-20.966666666677042,140.60833333303083,-2229.382
-20.966666666677042,140.6124999996975,-2378.434
-20.966666666677042,140.61666666636415,-2271.2056
-20.966666666677042,140.62083333303082,-1903.8894
-20.966666666677042,140.62499999969748,-1397.2996
-20.966666666677042,140.62916666636417,-909.98706
-20.966666666677042,140.63333333303083,-602.0713
-20.966666666677042,140.6374999996975,-647.39984
-20.966666666677042,140.6416666663642,-919.8597
-20.966666666677042,140.64583333303085,-1307.4653
-20.966666666677042,140.6499999996975,-1697.6488
-20.966666666677042,140.65416666636418,-1992.0197
-20.966666666677042,140.65833333303084,-2118.6643
-20.966666666677042,140.66249999969753,-2103.1653
-20.966666666677042,140.6666666663642,-1979.2559
-20.966666666677042,140.67083333303086,-1778.9255
-20.966666666677042,140.67499999969755,-1493.6248
-20.966666666677042,140.6791666663642,-1225.5508
-20.966666666677042,140.68333333303087,-985.06635
-20.966666666677042,140.68749999969754,-788.77466
-20.966666666677042,140.6916666663642,-667.93445
-20.966666666677042,140.6958333330309,-709.3796
-20.966666666677042,140.69999999969755,-814.77014
-20.966666666677042,140.70416666636422,-941.63586
-20.966666666677042,140.7083333330309,-1069.8564
-20.966666666677042,140.71249999969757,-1202.2047
-20.966666666677042,140.71666666636423,-1414.2623
-20.966666666677042,140.7208333330309,-1645.5424
-20.966666666677042,140.72499999969756,-1855.394
-20.966666666677042,140.72916666636425,-1892.2566
-20.966666666677042,140.7333333330309,-1571.9136
-20.966666666677042,140.73749999969758,-335.1303
-20.966666666677042,140.74166666636427,1082.6996
-20.966666666677042,140.74583333303093,2404.3125
-20.966666666677042,140.7499999996976,3333.0156
-20.966666666677042,140.75416666636426,3597.8687
-20.966666666677042,140.75833333303092,3430.3513
-20.966666666677042,140.7624999996976,3113.7854
-20.966666666677042,140.76666666636427,2919.158
-20.966666666677042,140.77083333303094,3576.404
-20.966666666677042,140.77499999969763,4499.1094
-20.966666666677042,140.7791666663643,5566.612
-20.966666666677042,140.78333333303095,6513.611
-20.966666666677042,140.78749999969762,7064.173
-20.966666666677042,140.79166666636428,5916.3726
-20.966666666677042,140.79583333303097,4294.037
-20.966666666677042,140.79999999969763,2421.732
-20.966666666677042,140.8041666663643,619.9261
-20.966666666677042,140.808333333031,-836.99805
-20.970833333343712,140.53333333303075,-1913.8423
-20.970833333343712,140.53749999969742,-2851.2295
-20.970833333343712,140.5416666663641,-2893.4287
-20.970833333343712,140.54583333303077,-2708.2812
-20.970833333343712,140.54999999969743,-2414.2915
-20.970833333343712,140.5541666663641,-2101.119
-20.970833333343712,140.55833333303076,-1853.5208
-20.970833333343712,140.56249999969745,-1894.9136
-20.970833333343712,140.5666666663641,-2020.419
-20.970833333343712,140.57083333303078,-2118.1785
-20.970833333343712,140.57499999969747,-2090.938
-20.970833333343712,140.57916666636413,-1789.8412
-20.970833333343712,140.5833333330308,-1547.9427
-20.970833333343712,140.58749999969746,-1382.6788
-20.970833333343712,140.59166666636412,-1329.2203
-20.970833333343712,140.5958333330308,-1413.4913
-20.970833333343712,140.59999999969747,-1654.4133
-20.970833333343712,140.60416666636414,-2014.0398
-20.970833333343712,140.60833333303083,-2415.4883
-20.970833333343712,140.6124999996975,-2727.201
-20.970833333343712,140.61666666636415,-2766.5369
-20.970833333343712,140.62083333303082,-2280.7004
-20.970833333343712,140.62499999969748,-1602.4761
-20.970833333343712,140.62916666636417,-954.1803
-20.970833333343712,140.63333333303083,-537.08777
-20.970833333343712,140.6374999996975,-587.32227
-20.970833333343712,140.6416666663642,-911.33936
-20.970833333343712,140.64583333303085,-1372.0049
-20.970833333343712,140.6499999996975,-1837.6561
-20.970833333343712,140.65416666636418,-2181.9336
-20.970833333343712,140.65833333303084,-2225.528
-20.970833333343712,140.66249999969753,-2095.2373
-20.970833333343712,140.6666666663642,-1849.2717
-20.970833333343712,140.67083333303086,-1537.4377
-20.970833333343712,140.67499999969755,-1204.2506
-20.970833333343712,140.6791666663642,-1000.3921
-20.970833333343712,140.68333333303087,-844.95166
-20.970833333343712,140.68749999969754,-729.6641
-20.970833333343712,140.6916666663642,-667.84515
-20.970833333343712,140.6958333330309,-700.0539
-20.970833333343712,140.69999999969755,-779.38965
-20.970833333343712,140.70416666636422,-879.6842
-20.970833333343712,140.7083333330309,-992.98315
-20.970833333343712,140.71249999969757,-1133.3147
-20.970833333343712,140.71666666636423,-1311.2432
-20.970833333343712,140.7208333330309,-1529.4712
-20.970833333343712,140.72499999969756,-1709.9313
-20.970833333343712,140.72916666636425,-1668.6466
-20.970833333343712,140.7333333330309,-1062.9506
-20.970833333343712,140.73749999969758,132.5141
-20.970833333343712,140.74166666636427,1558.656
-20.970833333343712,140.74583333303093,2924.9766
-20.970833333343712,140.7499999996976,3938.4353
-20.970833333343712,140.75416666636426,4227.6694
-20.970833333343712,140.75833333303092,4112.228
-20.970833333343712,140.7624999996976,3847.5576
-20.970833333343712,140.76666666636427,3682.398
-20.970833333343712,140.77083333303094,3907.2253
-20.970833333343712,140.77499999969763,4357.408
-20.970833333343712,140.7791666663643,4900.109
-20.970833333343712,140.78333333303095,5344.1533
-20.970833333343712,140.78749999969762,5444.0205
-20.970833333343712,140.79166666636428,4794.77
-20.970833333343712,140.79583333303097,3740.785
-20.970833333343712,140.79999999969763,2498.6323
-20.970833333343712,140.8041666663643,1304.5685
-20.970833333343712,140.808333333031,420.6674
-20.975000000010382,140.53333333303075,-300.90448
-20.975000000010382,140.53749999969742,-1053.0026
-20.975000000010382,140.5416666663641,-1421.3219
-20.975000000010382,140.54583333303077,-1864.049
-20.975000000010382,140.54999999969743,-2269.4927
-20.975000000010382,140.5541666663641,-2645.5269
-20.975000000010382,140.55833333303076,-2984.0376
-20.975000000010382,140.56249999969745,-2701.4602
-20.975000000010382,140.5666666663641,-2383.6536
-20.975000000010382,140.57083333303078,-2020.4755
-20.975000000010382,140.57499999969747,-1614.1135
-20.975000000010382,140.57916666636413,-1154.9476
-20.975000000010382,140.5833333330308,-1000.0225
-20.975000000010382,140.58749999969746,-921.4757
-20.975000000010382,140.59166666636412,-933.94336
-20.975000000010382,140.5958333330308,-1068.4869
-20.975000000010382,140.59999999969747,-1454.3772
-20.975000000010382,140.60416666636414,-1979.448
-20.975000000010382,140.60833333303083,-2585.6753
-20.975000000010382,140.6124999996975,-3130.4617
-20.975000000010382,140.61666666636415,-3430.5325
-20.975000000010382,140.62083333303082,-2704.3271
-20.975000000010382,140.62499999969748,-1778.1237
-20.975000000010382,140.62916666636417,-894.532
-20.975000000010382,140.63333333303083,-271.2164
-20.975000000010382,140.6374999996975,-420.74725
-20.975000000010382,140.6416666663642,-852.54834
-20.975000000010382,140.64583333303085,-1433.286
-20.975000000010382,140.6499999996975,-2017.6471
-20.975000000010382,140.65416666636418,-2485.6511
-20.975000000010382,140.65833333303084,-2396.3638
-20.975000000010382,140.66249999969753,-2136.854
-20.975000000010382,140.6666666663642,-1759.2744
-20.975000000010382,140.67083333303086,-1328.3337
-20.975000000010382,140.67499999969755,-892.74023
-20.975000000010382,140.6791666663642,-788.67847
-20.975000000010382,140.68333333303087,-718.9503
-20.975000000010382,140.68749999969754,-664.1554
-20.975000000010382,140.6916666663642,-622.2581
-20.975000000010382,140.6958333330309,-640.4541
-20.975000000010382,140.69999999969755,-681.0379
-20.975000000010382,140.70416666636422,-750.01373
-20.975000000010382,140.7083333330309,-847.85803
-20.975000000010382,140.71249999969757,-1000.8395
-20.975000000010382,140.71666666636423,-1144.0071
-20.975000000010382,140.7208333330309,-1370.4045
-20.975000000010382,140.72499999969756,-1579.5966
-20.975000000010382,140.72916666636425,-1585.544
-20.975000000010382,140.7333333330309,-704.393
-20.975000000010382,140.73749999969758,577.76794
-20.975000000010382,140.74166666636427,2092.9333
-20.975000000010382,140.74583333303093,3586.6074
-20.975000000010382,140.7499999996976,4817.2773
-20.975000000010382,140.75416666636426,4947.0293
-20.975000000010382,140.75833333303092,4764.522
-20.975000000010382,140.7624999996976,4473.434
-20.975000000010382,140.76666666636427,4261.138
-20.975000000010382,140.77083333303094,4155.1016
-20.975000000010382,140.77499999969763,4192.209
-20.975000000010382,140.7791666663643,4276.5083
-20.975000000010382,140.78333333303095,4290.146
-20.975000000010382,140.78749999969762,4082.3337
-20.975000000010382,140.79166666636428,3760.406
-20.975000000010382,140.79583333303097,3187.435
-20.975000000010382,140.79999999969763,2495.0852
-20.975000000010382,140.8041666663643,1831.5585
-20.975000000010382,140.808333333031,1358.2867
-20.979166666677052,140.53333333303075,764.26025
-20.979166666677052,140.53749999969742,150.12198
-20.979166666677052,140.5416666663641,-158.49472
-20.979166666677052,140.54583333303077,-1179.9784
-20.979166666677052,140.54999999969743,-2128.7048
-20.979166666677052,140.5541666663641,-3075.166
-20.979166666677052,140.55833333303076,-4210.8984
-20.979166666677052,140.56249999969745,-3322.2732
-20.979166666677052,140.5666666663641,-2628.9333
-20.979166666677052,140.57083333303078,-1914.1602
-20.979166666677052,140.57499999969747,-1213.4011
-20.979166666677052,140.57916666636413,-414.5447
-20.979166666677052,140.5833333330308,-496.1789
-20.979166666677052,140.58749999969746,-516.1645
-20.979166666677052,140.59166666636412,-577.5592
-20.979166666677052,140.5958333330308,-702.18536
-20.979166666677052,140.59999999969747,-1234.7217
-20.979166666677052,140.60416666636414,-1888.4299
-20.979166666677052,140.60833333303083,-2675.1245
-20.979166666677052,140.6124999996975,-3496.168
-20.979166666677052,140.61666666636415,-4479.267
-20.979166666677052,140.62083333303082,-3092.8792
-20.979166666677052,140.62499999969748,-1875.5859
-20.979166666677052,140.62916666636417,-738.8101
-20.979166666677052,140.63333333303083,327.3268
-20.979166666677052,140.6374999996975,-197.85388
-20.979166666677052,140.6416666663642,-773.0747
-20.979166666677052,140.64583333303085,-1469.9756
-20.979166666677052,140.6499999996975,-2192.4482
-20.979166666677052,140.65416666636418,-3004.7893
-20.979166666677052,140.65833333303084,-2578.3477
-20.979166666677052,140.66249999969753,-2192.5557
-20.979166666677052,140.6666666663642,-1718.3558
-20.979166666677052,140.67083333303086,-1183.6151
-20.979166666677052,140.67499999969755,-478.96384
-20.979166666677052,140.6791666663642,-643.51807
-20.979166666677052,140.68333333303087,-665.7976
-20.979166666677052,140.68749999969754,-645.33
-20.979166666677052,140.6916666663642,-570.50507
-20.979166666677052,140.6958333330309,-569.1026
-20.979166666677052,140.69999999969755,-555.2328
-20.979166666677052,140.70416666636422,-576.4021
-20.979166666677052,140.7083333330309,-642.7512
-20.979166666677052,140.71249999969757,-840.38916
-20.979166666677052,140.71666666636423,-891.79987
-20.979166666677052,140.7208333330309,-1139.5435
-20.979166666677052,140.72499999969756,-1459.4517
-20.979166666677052,140.72916666636425,-1889.2231
-20.979166666677052,140.7333333330309,-508.00348
-20.979166666677052,140.73749999969758,916.3417
-20.979166666677052,140.74166666636427,2532.0308
-20.979166666677052,140.74583333303093,4193.379
-20.979166666677052,140.7499999996976,6034.7617
-20.979166666677052,140.75416666636426,5561.6606
-20.979166666677052,140.75833333303092,5229.0293
-20.979166666677052,140.7624999996976,4896.087
-20.979166666677052,140.76666666636427,4679.894
-20.979166666677052,140.77083333303094,4328.9023
-20.979166666677052,140.77499999969763,4076.0134
-20.979166666677052,140.7791666663643,3811.3794
-20.979166666677052,140.78333333303095,3488.0627
-20.979166666677052,140.78749999969762,2932.2322
-20.979166666677052,140.79166666636428,2921.3286
-20.979166666677052,140.79583333303097,2686.5896
-20.979166666677052,140.79999999969763,2397.4294
-20.979166666677052,140.8041666663643,2127.1675
-20.979166666677052,140.808333333031,2038.5898
-20.983333333343722,140.53333333303075,1104.3872
-20.983333333343722,140.53749999969742,585.931
-20.983333333343722,140.5416666663641,2.5619388
-20.983333333343722,140.54583333303077,-920.1494
-20.983333333343722,140.54999999969743,-1911.2843
-20.983333333343722,140.5541666663641,-2823.6045
-20.983333333343722,140.55833333303076,-3485.5105
-20.983333333343722,140.56249999969745,-3150.1343
-20.983333333343722,140.5666666663641,-2540.6646
-20.983333333343722,140.57083333303078,-1795.4323
-20.983333333343722,140.57499999969747,-1063.9211
-20.983333333343722,140.57916666636413,-453.09073
-20.983333333343722,140.5833333330308,-328.90805
-20.983333333343722,140.58749999969746,-319.534
-20.983333333343722,140.59166666636412,-343.84555
-20.983333333343722,140.5958333330308,-270.0592
-20.983333333343722,140.59999999969747,-1037.022
-20.983333333343722,140.60416666636414,-1734.0118
-20.983333333343722,140.60833333303083,-2442.8816
-20.983333333343722,140.6124999996975,-3047.906
-20.983333333343722,140.61666666636415,-3399.3328
-20.983333333343722,140.62083333303082,-2699.6804
-20.983333333343722,140.62499999969748,-1777.2861
-20.983333333343722,140.62916666636417,-876.01196
-20.983333333343722,140.63333333303083,-230.4163
-20.983333333343722,140.6374999996975,-369.6655
-20.983333333343722,140.6416666663642,-801.3158
-20.983333333343722,140.64583333303085,-1387.8026
-20.983333333343722,140.6499999996975,-1983.6737
-20.983333333343722,140.65416666636418,-2465.5007
-20.983333333343722,140.65833333303084,-2389.5083
-20.983333333343722,140.66249999969753,-2148.85
-20.983333333343722,140.6666666663642,-1797.0667
-20.983333333343722,140.67083333303086,-1393.0187
-20.983333333343722,140.67499999969755,-974.543
-20.983333333343722,140.6791666663642,-882.6711
-20.983333333343722,140.68333333303087,-816.54407
-20.983333333343722,140.68749999969754,-743.2182
-20.983333333343722,140.6916666663642,-641.3784
-20.983333333343722,140.6958333330309,-547.62085
-20.983333333343722,140.69999999969755,-440.65005
-20.983333333343722,140.70416666636422,-348.34402
-20.983333333343722,140.7083333330309,-298.39188
-20.983333333343722,140.71249999969757,-344.3908
-20.983333333343722,140.71666666636423,-434.7777
-20.983333333343722,140.7208333330309,-634.7369
-20.983333333343722,140.72499999969756,-816.52686
-20.983333333343722,140.72916666636425,-795.71515
-20.983333333343722,140.7333333330309,80.51513
-20.983333333343722,140.73749999969758,1255.0602
-20.983333333343722,140.74166666636427,2611.0276
-20.983333333343722,140.74583333303093,3958.178
-20.983333333343722,140.7499999996976,5114.966
-20.983333333343722,140.75416666636426,5275.0845
-20.983333333343722,140.75833333303092,5198.1777
-20.983333333343722,140.7624999996976,5007.1855
-20.983333333343722,140.76666666636427,4778.5586
-20.983333333343722,140.77083333303094,4427.3447
-20.983333333343722,140.77499999969763,4027.224
-20.983333333343722,140.7791666663643,3581.7146
-20.983333333343722,140.78333333303095,3118.3093
-20.983333333343722,140.78749999969762,2655.294
-20.983333333343722,140.79166666636428,2461.5867
-20.983333333343722,140.79583333303097,2304.8647
-20.983333333343722,140.79999999969763,2182.4502
-20.983333333343722,140.8041666663643,2069.383
-20.983333333343722,140.808333333031,1938.8296
-20.987500000010392,140.53333333303075,1028.572
-20.987500000010392,140.53749999969742,691.4192
-20.987500000010392,140.5416666663641,85.2356
-20.987500000010392,140.54583333303077,-798.4033
-20.987500000010392,140.54999999969743,-1757.7291
-20.987500000010392,140.5541666663641,-2598.8845
-20.987500000010392,140.55833333303076,-3097.5913
-20.987500000010392,140.56249999969745,-2918.8013
-20.987500000010392,140.5666666663641,-2366.034
-20.987500000010392,140.57083333303078,-1625.1517
-20.987500000010392,140.57499999969747,-875.19556
-20.987500000010392,140.57916666636413,-293.35526
-20.987500000010392,140.5833333330308,-209.69849
-20.987500000010392,140.58749999969746,-318.58725
-20.987500000010392,140.59166666636412,-507.07
-20.987500000010392,140.5958333330308,-732.8275
-20.987500000010392,140.59999999969747,-1192.425
-20.987500000010392,140.60416666636414,-1692.6478
-20.987500000010392,140.60833333303083,-2192.1055
-20.987500000010392,140.6124999996975,-2577.9136
-20.987500000010392,140.61666666636415,-2695.6064
-20.987500000010392,140.62083333303082,-2261.5645
-20.987500000010392,140.62499999969748,-1586.6799
-20.987500000010392,140.62916666636417,-897.1812
-20.987500000010392,140.63333333303083,-423.99512
-20.987500000010392,140.6374999996975,-475.3287
-20.987500000010392,140.6416666663642,-811.07733
-20.987500000010392,140.64583333303085,-1287.955
-20.987500000010392,140.6499999996975,-1773.0522
-20.987500000010392,140.65416666636418,-2141.3162
-20.987500000010392,140.65833333303084,-2210.149
-20.987500000010392,140.66249999969753,-2116.2554
-20.987500000010392,140.6666666663642,-1921.9075
-20.987500000010392,140.67083333303086,-1667.3219
-20.987500000010392,140.67499999969755,-1361.6364
-20.987500000010392,140.6791666663642,-1183.5818
-20.987500000010392,140.68333333303087,-1045.957
-20.987500000010392,140.68749999969754,-911.7845
-20.987500000010392,140.6916666663642,-755.1866
-20.987500000010392,140.6958333330309,-568.44666
-20.987500000010392,140.69999999969755,-350.8829
-20.987500000010392,140.70416666636422,-118.64709
-20.987500000010392,140.7083333330309,82.183754
-20.987500000010392,140.71249999969757,169.49612
-20.987500000010392,140.71666666636423,83.06897
-20.987500000010392,140.7208333330309,-101.03894
-20.987500000010392,140.72499999969756,-229.77269
-20.987500000010392,140.72916666636425,-111.9703
-20.987500000010392,140.7333333330309,525.9442
-20.987500000010392,140.73749999969758,1459.948
-20.987500000010392,140.74166666636427,2535.6082
-20.987500000010392,140.74583333303093,3591.3477
-20.987500000010392,140.7499999996976,4452.6616
-20.987500000010392,140.75416666636426,4819.1562
-20.987500000010392,140.75833333303092,4950.816
-20.987500000010392,140.7624999996976,4936.6064
-20.987500000010392,140.76666666636427,4795.2305
-20.987500000010392,140.77083333303094,4482.909
-20.987500000010392,140.77499999969763,4014.5684
-20.987500000010392,140.7791666663643,3444.9556
-20.987500000010392,140.78333333303095,2860.892
-20.987500000010392,140.78749999969762,2359.1448
-20.987500000010392,140.79166666636428,2077.8713
-20.987500000010392,140.79583333303097,1949.4606
-20.987500000010392,140.79999999969763,1923.4423
-20.987500000010392,140.8041666663643,1917.6454
-20.987500000010392,140.808333333031,1813.4506
-20.991666666677062,140.53333333303075,889.6904
-20.991666666677062,140.53749999969742,821.5894
-20.991666666677062,140.5416666663641,151.52164
-20.991666666677062,140.54583333303077,-770.6466
-20.991666666677062,140.54999999969743,-1744.2439
-20.991666666677062,140.5541666663641,-2563.1565
-20.991666666677062,140.55833333303076,-3024.8647
-20.991666666677062,140.56249999969745,-2821.015
-20.991666666677062,140.5666666663641,-2238.0942
-20.991666666677062,140.57083333303078,-1448.5555
-20.991666666677062,140.57499999969747,-634.4041
-20.991666666677062,140.57916666636413,28.094908
-20.991666666677062,140.5833333330308,-69.887085
-20.991666666677062,140.58749999969746,-360.96426
-20.991666666677062,140.59166666636412,-733.09766
-20.991666666677062,140.5958333330308,-1133.2823
-20.991666666677062,140.59999999969747,-1401.769
-20.991666666677062,140.60416666636414,-1702.7401
-20.991666666677062,140.60833333303083,-1995.9066
-20.991666666677062,140.6124999996975,-2190.9492
-20.991666666677062,140.61666666636415,-2167.964
-20.991666666677062,140.62083333303082,-1872.7957
-20.991666666677062,140.62499999969748,-1365.301
-20.991666666677062,140.62916666636417,-810.05646
-20.991666666677062,140.63333333303083,-397.90747
-20.991666666677062,140.6374999996975,-478.47644
-20.991666666677062,140.6416666663642,-781.5979
-20.991666666677062,140.64583333303085,-1196.5123
-20.991666666677062,140.6499999996975,-1610.5105
-20.991666666677062,140.65416666636418,-1935.1555
-20.991666666677062,140.65833333303084,-2085.836
-20.991666666677062,140.66249999969753,-2115.9517
-20.991666666677062,140.6666666663642,-2066.0974
-20.991666666677062,140.67083333303086,-1963.0433
-20.991666666677062,140.67499999969755,-1698.472
-20.991666666677062,140.6791666663642,-1473.2462
-20.991666666677062,140.68333333303087,-1285.8113
-20.991666666677062,140.68749999969754,-1111.8251
-20.991666666677062,140.6916666663642,-914.73627
-20.991666666677062,140.6958333330309,-644.3671
-20.991666666677062,140.69999999969755,-313.19083
-20.991666666677062,140.70416666636422,78.28812
-20.991666666677062,140.7083333330309,477.63315
-20.991666666677062,140.71249999969757,756.7248
-20.991666666677062,140.71666666636423,603.88306
-20.991666666677062,140.7208333330309,353.42407
-20.991666666677062,140.72499999969756,195.93631
-20.991666666677062,140.72916666636425,294.64468
-20.991666666677062,140.7333333330309,802.6868
-20.991666666677062,140.73749999969758,1553.7797
-20.991666666677062,140.74166666636427,2405.3667
-20.991666666677062,140.74583333303093,3225.6807
-20.991666666677062,140.7499999996976,3898.525
-20.991666666677062,140.75416666636426,4336.981
-20.991666666677062,140.75833333303092,4628.1665
-20.991666666677062,140.7624999996976,4782.1157
-20.991666666677062,140.76666666636427,4772.1455
-20.991666666677062,140.77083333303094,4532.9536
-20.991666666677062,140.77499999969763,3989.9084
-20.991666666677062,140.7791666663643,3284.975
-20.991666666677062,140.78333333303095,2556.7454
-20.991666666677062,140.78749999969762,1953.8402
-20.991666666677062,140.79166666636428,1635.8416
-20.991666666677062,140.79583333303097,1549.8896
-20.991666666677062,140.79999999969763,1632.4172
-20.991666666677062,140.8041666663643,1769.0084
-20.991666666677062,140.808333333031,1776.1576
-20.995833333343732,140.53333333303075,846.1875
-20.995833333343732,140.53749999969742,1138.2773
-20.995833333343732,140.5416666663641,235.71783
-20.995833333343732,140.54583333303077,-823.7478
-20.995833333343732,140.54999999969743,-1880.816
-20.995833333343732,140.5541666663641,-2748.0435
-20.995833333343732,140.55833333303076,-3306.3416
-20.995833333343732,140.56249999969745,-2921.3496
-20.995833333343732,140.5666666663641,-2236.6917
-20.995833333343732,140.57083333303078,-1356.5258
-20.995833333343732,140.57499999969747,-415.34793
-20.995833333343732,140.57916666636413,669.8592
-20.995833333343732,140.5833333330308,82.81454
-20.995833333343732,140.58749999969746,-413.42828
-20.995833333343732,140.59166666636412,-954.2142
-20.995833333343732,140.5958333330308,-1620.904
-20.995833333343732,140.59999999969747,-1590.8625
-20.995833333343732,140.60416666636414,-1716.4792
-20.995833333343732,140.60833333303083,-1862.3616
-20.995833333343732,140.6124999996975,-1935.8291
-20.995833333343732,140.61666666636415,-1826.2069
-20.995833333343732,140.62083333303082,-1605.5125
-20.995833333343732,140.62499999969748,-1179.8094
-20.995833333343732,140.62916666636417,-660.2775
-20.995833333343732,140.63333333303083,-111.72764
-20.995833333343732,140.6374999996975,-391.88336
-20.995833333343732,140.6416666663642,-724.72015
-20.995833333343732,140.64583333303085,-1122.7618
-20.995833333343732,140.6499999996975,-1507.1309
-20.995833333343732,140.65416666636418,-1834.0538
-20.995833333343732,140.65833333303084,-2015.882
-20.995833333343732,140.66249999969753,-2127.7092
-20.995833333343732,140.6666666663642,-2197.617
-20.995833333343732,140.67083333303086,-2297.588
-20.995833333343732,140.67499999969755,-1951.6125
-20.995833333343732,140.6791666663642,-1697.1451
-20.995833333343732,140.68333333303087,-1492.355
-20.995833333343732,140.68749999969754,-1315.0165
-20.995833333343732,140.6916666663642,-1127.6354
-20.995833333343732,140.6958333330309,-794.52985
-20.995833333343732,140.69999999969755,-384.09375
-20.995833333343732,140.70416666636422,157.17932
-20.995833333343732,140.7083333330309,785.0312
-20.995833333343732,140.71249999969757,1378.6676
-20.995833333343732,140.71666666636423,1019.12836
-20.995833333343732,140.7208333330309,638.5053
-20.995833333343732,140.72499999969756,399.10175
-20.995833333343732,140.72916666636425,414.1629
-20.995833333343732,140.7333333330309,915.08496
-20.995833333343732,140.73749999969758,1582.7284
-20.995833333343732,140.74166666636427,2292.833
-20.995833333343732,140.74583333303093,2953.6907
-20.995833333343732,140.7499999996976,3510.0088
-20.995833333343732,140.75416666636426,3930.5278
-20.995833333343732,140.75833333303092,4329.1543
-20.995833333343732,140.7624999996976,4617.948
-20.995833333343732,140.76666666636427,4729.27
-20.995833333343732,140.77083333303094,4565.0967
-20.995833333343732,140.77499999969763,3896.8337
-20.995833333343732,140.7791666663643,3011.6729
-20.995833333343732,140.78333333303095,2096.4033
-20.995833333343732,140.78749999969762,1343.5364
-20.995833333343732,140.79166666636428,1028.7429
-20.995833333343732,140.79583333303097,1010.8976
-20.995833333343732,140.79999999969763,1241.0267
-20.995833333343732,140.8041666663643,1579.9838
-20.995833333343732,140.808333333031,1834.1467
-21.000000000010402,140.53333333303075,811.2451
-21.000000000010402,140.53749999969742,1907.997
-21.000000000010402,140.5416666663641,195.38098
-21.000000000010402,140.54583333303077,-1049.4996
-21.000000000010402,140.54999999969743,-2156.9646
-21.000000000010402,140.5541666663641,-3075.547
-21.000000000010402,140.55833333303076,-4033.1614
-21.000000000010402,140.56249999969745,-3149.731
-21.000000000010402,140.5666666663641,-2355.8809
-21.000000000010402,140.57083333303078,-1528.2909
-21.000000000010402,140.57499999969747,-782.14996
-21.000000000010402,140.57916666636413,-175.16843
-21.000000000010402,140.5833333330308,-284.08606
-21.000000000010402,140.58749999969746,-554.20496
-21.000000000010402,140.59166666636412,-907.46094
-21.000000000010402,140.5958333330308,-1283.9977
-21.000000000010402,140.59999999969747,-1454.1833
-21.000000000010402,140.60416666636414,-1633.6262
-21.000000000010402,140.60833333303083,-1779.9512
-21.000000000010402,140.6124999996975,-1810.4008
-21.000000000010402,140.61666666636415,-1589.4644
-21.000000000010402,140.62083333303082,-1491.9613
-21.000000000010402,140.62499999969748,-1147.1445
-21.000000000010402,140.62916666636417,-726.12634
-21.000000000010402,140.63333333303083,-388.12314
-21.000000000010402,140.6374999996975,-463.0111
-21.000000000010402,140.6416666663642,-711.7904
-21.000000000010402,140.64583333303085,-1061.3547
-21.000000000010402,140.6499999996975,-1432.7064
-21.000000000010402,140.65416666636418,-1785.9114
-21.000000000010402,140.65833333303084,-1951.7343
-21.000000000010402,140.66249999969753,-2072.811
-21.000000000010402,140.6666666663642,-2146.237
-21.000000000010402,140.67083333303086,-2166.0083
-21.000000000010402,140.67499999969755,-1996.309
-21.000000000010402,140.6791666663642,-1809.4518
-21.000000000010402,140.68333333303087,-1642.649
-21.000000000010402,140.68749999969754,-1485.9202
-21.000000000010402,140.6916666663642,-1312.9805
-21.000000000010402,140.6958333330309,-1035.0581
-21.000000000010402,140.69999999969755,-652.84467
-21.000000000010402,140.70416666636422,-46.21485
-21.000000000010402,140.7083333330309,811.57733
-21.000000000010402,140.71249999969757,2197.0771
-21.000000000010402,140.71666666636423,1157.0475
-21.000000000010402,140.7208333330309,643.18225
-21.000000000010402,140.72499999969756,380.3135
-21.000000000010402,140.72916666636425,262.57764
-21.000000000010402,140.7333333330309,959.3974
-21.000000000010402,140.73749999969758,1614.8315
-21.000000000010402,140.74166666636427,2232.0803
-21.000000000010402,140.74583333303093,2772.893
-21.000000000010402,140.7499999996976,3227.2195
-21.000000000010402,140.75416666636426,3569.6064
-21.000000000010402,140.75833333303092,4096.14
-21.000000000010402,140.7624999996976,4500.9575
-21.000000000010402,140.76666666636427,4731.909
-21.000000000010402,140.77083333303094,4738.095
-21.000000000010402,140.77499999969763,3748.5796
-21.000000000010402,140.7791666663643,2593.013
-21.000000000010402,140.78333333303095,1414.9565
-21.000000000010402,140.78749999969762,373.7377
-21.000000000010402,140.79166666636428,160.32547
-21.000000000010402,140.79583333303097,223.96156
-21.000000000010402,140.79999999969763,607.2657
-21.000000000010402,140.8041666663643,1214.418
-21.000000000010402,140.808333333031,2172.0537
-21.004166666677072,140.53333333303075,-321.19684
-21.004166666677072,140.53749999969742,-213.74681
-21.004166666677072,140.5416666663641,-995.4558
-21.004166666677072,140.54583333303077,-1746.7727
-21.004166666677072,140.54999999969743,-2422.4993
-21.004166666677072,140.5541666663641,-2947.7236
-21.004166666677072,140.55833333303076,-3284.5308
-21.004166666677072,140.56249999969745,-2880.6765
-21.004166666677072,140.5666666663641,-2331.0725
-21.004166666677072,140.57083333303078,-1732.4543
-21.004166666677072,140.57499999969747,-1183.6757
-21.004166666677072,140.57916666636413,-757.382
-21.004166666677072,140.5833333330308,-655.70886
-21.004166666677072,140.58749999969746,-696.06213
-21.004166666677072,140.59166666636412,-828.7339
-21.004166666677072,140.5958333330308,-1038.2457
-21.004166666677072,140.59999999969747,-1275.9061
-21.004166666677072,140.60416666636414,-1557.8704
-21.004166666677072,140.60833333303083,-1816.8523
-21.004166666677072,140.6124999996975,-1958.5126
-21.004166666677072,140.61666666636415,-1887.0686
-21.004166666677072,140.62083333303082,-1648.6366
-21.004166666677072,140.62499999969748,-1230.1849
-21.004166666677072,140.62916666636417,-781.13934
-21.004166666677072,140.63333333303083,-464.42474
-21.004166666677072,140.6374999996975,-449.90186
-21.004166666677072,140.6416666663642,-642.6166
-21.004166666677072,140.64583333303085,-958.60474
-21.004166666677072,140.6499999996975,-1314.4357
-21.004166666677072,140.65416666636418,-1638.6412
-21.004166666677072,140.65833333303084,-1842.6459
-21.004166666677072,140.66249999969753,-1976.0983
-21.004166666677072,140.6666666663642,-2054.3381
-21.004166666677072,140.67083333303086,-2071.3325
-21.004166666677072,140.67499999969755,-1986.9297
-21.004166666677072,140.6791666663642,-1872.1626
-21.004166666677072,140.68333333303087,-1764.4889
-21.004166666677072,140.68749999969754,-1669.6945
-21.004166666677072,140.6916666663642,-1573.1029
-21.004166666677072,140.6958333330309,-1427.7009
-21.004166666677072,140.69999999969755,-1218.1223
-21.004166666677072,140.70416666636422,-880.7614
-21.004166666677072,140.7083333330309,-406.92615
-21.004166666677072,140.71249999969757,183.61005
-21.004166666677072,140.71666666636423,85.834755
-21.004166666677072,140.7208333330309,126.53153
-21.004166666677072,140.72499999969756,327.08185
-21.004166666677072,140.72916666636425,650.0821
-21.004166666677072,140.7333333330309,1196.5979
-21.004166666677072,140.73749999969758,1729.8389
-21.004166666677072,140.74166666636427,2221.6797
-21.004166666677072,140.74583333303093,2666.5957
-21.004166666677072,140.7499999996976,3079.4346
-21.004166666677072,140.75416666636426,3482.432
-21.004166666677072,140.75833333303092,3967.4236
-21.004166666677072,140.7624999996976,4392.617
-21.004166666677072,140.76666666636427,4604.4946
-21.004166666677072,140.77083333303094,4389.3267
-21.004166666677072,140.77499999969763,3395.288
-21.004166666677072,140.7791666663643,2044.6135
-21.004166666677072,140.78333333303095,662.5408
-21.004166666677072,140.78749999969762,-429.26788
-21.004166666677072,140.79166666636428,-849.16516
-21.004166666677072,140.79583333303097,-839.6645
-21.004166666677072,140.79999999969763,-537.50934
-21.004166666677072,140.8041666663643,-117.07113
-21.004166666677072,140.808333333031,247.7499
-21.008333333343742,140.53333333303075,-1649.0276
-21.008333333343742,140.53749999969742,-2141.8345
-21.008333333343742,140.5416666663641,-2417.9998
-21.008333333343742,140.54583333303077,-2603.3313
-21.008333333343742,140.54999999969743,-2742.3635
-21.008333333343742,140.5541666663641,-2825.3926
-21.008333333343742,140.55833333303076,-2806.967
-21.008333333343742,140.56249999969745,-2598.963
-21.008333333343742,140.5666666663641,-2292.3882
-21.008333333343742,140.57083333303078,-1938.4751
-21.008333333343742,140.57499999969747,-1581.8721
-21.008333333343742,140.57916666636413,-1260.4729
-21.008333333343742,140.5833333330308,-999.8292
-21.008333333343742,140.58749999969746,-806.02747
-21.008333333343742,140.59166666636412,-693.7979
-21.008333333343742,140.5958333330308,-719.09515
-21.008333333343742,140.59999999969747,-1054.6763
-21.008333333343742,140.60416666636414,-1497.6385
-21.008333333343742,140.60833333303083,-1940.1321
-21.008333333343742,140.6124999996975,-2264.0327
-21.008333333343742,140.61666666636415,-2337.2847
-21.008333333343742,140.62083333303082,-1930.3077
-21.008333333343742,140.62499999969748,-1334.485
-21.008333333343742,140.62916666636417,-751.785
-21.008333333343742,140.63333333303083,-357.40955
-21.008333333343742,140.6374999996975,-293.48297
-21.008333333343742,140.6416666663642,-470.6881
-21.008333333343742,140.64583333303085,-796.06976
-21.008333333343742,140.6499999996975,-1177.2982
-21.008333333343742,140.65416666636418,-1525.9279
-21.008333333343742,140.65833333303084,-1732.0372
-21.008333333343742,140.66249999969753,-1861.8169
-21.008333333343742,140.6666666663642,-1941.5519
-21.008333333343742,140.67083333303086,-1976.4865
-21.008333333343742,140.67499999969755,-1959.2117
-21.008333333343742,140.6791666663642,-1908.5858
-21.008333333343742,140.68333333303087,-1868.6592
-21.008333333343742,140.68749999969754,-1858.9548
-21.008333333343742,140.6916666663642,-1880.2028
-21.008333333343742,140.6958333330309,-1910.4744
-21.008333333343742,140.69999999969755,-1953.9724
-21.008333333343742,140.70416666636422,-1985.972
-21.008333333343742,140.7083333330309,-1952.191
-21.008333333343742,140.71249999969757,-1768.9722
-21.008333333343742,140.71666666636423,-1307.5219
-21.008333333343742,140.7208333330309,-643.5838
-21.008333333343742,140.72499999969756,137.96349
-21.008333333343742,140.72916666636425,905.2254
-21.008333333343742,140.7333333330309,1415.0406
-21.008333333343742,140.73749999969758,1819.9462
-21.008333333343742,140.74166666636427,2173.6453
-21.008333333343742,140.74583333303093,2510.0469
-21.008333333343742,140.7499999996976,2857.8064
-21.008333333343742,140.75416666636426,3266.3503
-21.008333333343742,140.75833333303092,3774.8323
-21.008333333343742,140.7624999996976,4284.679
-21.008333333343742,140.76666666636427,4601.236
-21.008333333343742,140.77083333303094,4416.6294
-21.008333333343742,140.77499999969763,3151.3025
-21.008333333343742,140.7791666663643,1440.5048
-21.008333333343742,140.78333333303095,-298.34665
-21.008333333343742,140.78749999969762,-1665.2867
-21.008333333343742,140.79166666636428,-2116.3682
-21.008333333343742,140.79583333303097,-2101.7578
-21.008333333343742,140.79999999969763,-1865.7534
-21.008333333343742,140.8041666663643,-1587.3049
-21.008333333343742,140.808333333031,-1398.1191
-21.012500000010412,140.53333333303075,-2941.5984
-21.012500000010412,140.53749999969742,-4104.4937
-21.012500000010412,140.5416666663641,-3812.193
-21.012500000010412,140.54583333303077,-3409.116
-21.012500000010412,140.54999999969743,-3020.7424
-21.012500000010412,140.5541666663641,-2696.9407
-21.012500000010412,140.55833333303076,-2383.1628
-21.012500000010412,140.56249999969745,-2351.0254
-21.012500000010412,140.5666666663641,-2281.1746
-21.012500000010412,140.57083333303078,-2156.3037
-21.012500000010412,140.57499999969747,-1961.7727
-21.012500000010412,140.57916666636413,-1706.8243
-21.012500000010412,140.5833333330308,-1316.9497
-21.012500000010412,140.58749999969746,-901.58514
-21.012500000010412,140.59166666636412,-534.7482
-21.012500000010412,140.5958333330308,-318.46487
-21.012500000010412,140.59999999969747,-814.0481
-21.012500000010412,140.60416666636414,-1442.9143
-21.012500000010412,140.60833333303083,-2101.9268
-21.012500000010412,140.6124999996975,-2647.4688
-21.012500000010412,140.61666666636415,-2953.7173
-21.012500000010412,140.62083333303082,-2240.366
-21.012500000010412,140.62499999969748,-1371.7118
-21.012500000010412,140.62916666636417,-573.4363
-21.012500000010412,140.63333333303083,-32.633743
-21.012500000010412,140.6374999996975,32.383976
-21.012500000010412,140.6416666663642,-177.91286
-21.012500000010412,140.64583333303085,-560.0494
-21.012500000010412,140.6499999996975,-1011.05566
-21.012500000010412,140.65416666636418,-1437.4199
-21.012500000010412,140.65833333303084,-1618.2573
-21.012500000010412,140.66249999969753,-1731.0846
-21.012500000010412,140.6666666663642,-1810.7026
-21.012500000010412,140.67083333303086,-1872.5114
-21.012500000010412,140.67499999969755,-1911.7871
-21.012500000010412,140.6791666663642,-1911.2903
-21.012500000010412,140.68333333303087,-1934.8234
-21.012500000010412,140.68749999969754,-2016.0906
-21.012500000010412,140.6916666663642,-2169.0183
-21.012500000010412,140.6958333330309,-2368.1736
-21.012500000010412,140.69999999969755,-2668.0571
-21.012500000010412,140.70416666636422,-3086.4827
-21.012500000010412,140.7083333330309,-3528.0334
-21.012500000010412,140.71249999969757,-3811.891
-21.012500000010412,140.71666666636423,-2779.8604
-21.012500000010412,140.7208333330309,-1488.9574
-21.012500000010412,140.72499999969756,-111.98115
-21.012500000010412,140.72916666636425,1163.1104
-21.012500000010412,140.7333333330309,1546.8855
-21.012500000010412,140.73749999969758,1795.0587
-21.012500000010412,140.74166666636427,2000.5936
-21.012500000010412,140.74583333303093,2221.659
-21.012500000010412,140.7499999996976,2474.9473
-21.012500000010412,140.75416666636426,2834.0095
-21.012500000010412,140.75833333303092,3386.7615
-21.012500000010412,140.7624999996976,4050.1436
-21.012500000010412,140.76666666636427,4609.6714
-21.012500000010412,140.77083333303094,4734.9077
-21.012500000010412,140.77499999969763,2996.1997
-21.012500000010412,140.7791666663643,814.41833
-21.012500000010412,140.78333333303095,-1386.3223
-21.012500000010412,140.78749999969762,-3198.5332
-21.012500000010412,140.79166666636428,-3463.0215
-21.012500000010412,140.79583333303097,-3337.7512
-21.012500000010412,140.79999999969763,-3109.9175
-21.012500000010412,140.8041666663643,-2946.045
-21.012500000010412,140.808333333031,-2886.74
-21.016666666677082,140.53333333303075,-3916.7695
-21.016666666677082,140.53749999969742,-6408.018
-21.016666666677082,140.5416666663641,-4864.6924
-21.016666666677082,140.54583333303077,-3909.4253
-21.016666666677082,140.54999999969743,-3139.8518
-21.016666666677082,140.5541666663641,-2539.2805
-21.016666666677082,140.55833333303076,-1859.7377
-21.016666666677082,140.56249999969745,-2181.335
-21.016666666677082,140.5666666663641,-2345.58
-21.016666666677082,140.57083333303078,-2425.4407
-21.016666666677082,140.57499999969747,-2380.618
-21.016666666677082,140.57916666636413,-2239.5964
-21.016666666677082,140.5833333330308,-1674.424
-21.016666666677082,140.58749999969746,-1053.014
-21.016666666677082,140.59166666636412,-408.9635
-21.016666666677082,140.5958333330308,360.62375
-21.016666666677082,140.59999999969747,-583.75885
-21.016666666677082,140.60416666636414,-1388.7659
-21.016666666677082,140.60833333303083,-2215.2583
-21.016666666677082,140.6124999996975,-2986.5898
-21.016666666677082,140.61666666636415,-3920.505
-21.016666666677082,140.62083333303082,-2443.672
-21.016666666677082,140.62499999969748,-1227.4521
-21.016666666677082,140.62916666636417,-188.21233
-21.016666666677082,140.63333333303083,584.2731
-21.016666666677082,140.6374999996975,518.9604
-21.016666666677082,140.6416666663642,225.12024
-21.016666666677082,140.64583333303085,-246.58751
-21.016666666677082,140.6499999996975,-805.43994
-21.016666666677082,140.65416666636418,-1426.4596
-21.016666666677082,140.65833333303084,-1481.2474
-21.016666666677082,140.66249999969753,-1559.8333
-21.016666666677082,140.6666666663642,-1635.4503
-21.016666666677082,140.67083333303086,-1725.2102
-21.016666666677082,140.67499999969755,-1833.2869
-21.016666666677082,140.6791666663642,-1853.64
-21.016666666677082,140.68333333303087,-1924.2294
-21.016666666677082,140.68749999969754,-2079.2974
-21.016666666677082,140.6916666663642,-2360.5278
-21.016666666677082,140.6958333330309,-2662.3596
-21.016666666677082,140.69999999969755,-3144.7046
-21.016666666677082,140.70416666636422,-3879.0186
-21.016666666677082,140.7083333330309,-4812.6665
-21.016666666677082,140.71249999969757,-6166.284
-21.016666666677082,140.71666666636423,-4077.9385
-21.016666666677082,140.7208333330309,-2245.6025
-21.016666666677082,140.72499999969756,-374.4675
-21.016666666677082,140.72916666636425,1712.528
-21.016666666677082,140.7333333330309,1505.5706
-21.016666666677082,140.73749999969758,1552.3667
-21.016666666677082,140.74166666636427,1637.6838
-21.016666666677082,140.74583333303093,1764.0952
-21.016666666677082,140.7499999996976,1890.8082
-21.016666666677082,140.75416666636426,2123.1882
-21.016666666677082,140.75833333303092,2689.0576
-21.016666666677082,140.7624999996976,3486.9436
-21.016666666677082,140.76666666636427,4410.501
-21.016666666677082,140.77083333303094,5685.749
-21.016666666677082,140.77499999969763,2808.029
-21.016666666677082,140.7791666663643,148.16733
-21.016666666677082,140.78333333303095,-2504.7961
-21.016666666677082,140.78749999969762,-5281.574
-21.016666666677082,140.79166666636428,-4639.8574
-21.016666666677082,140.79583333303097,-4246.525
-21.016666666677082,140.79999999969763,-3985.9504
-21.016666666677082,140.8041666663643,-3943.9167
-21.016666666677082,140.808333333031,-4195.2715
-21.020833333343752,140.53333333303075,-3204.6592
-21.020833333343752,140.53749999969742,-4469.4224
-21.020833333343752,140.5416666663641,-4140.7305
-21.020833333343752,140.54583333303077,-3606.646
-21.020833333343752,140.54999999969743,-3052.2039
-21.020833333343752,140.5541666663641,-2595.9104
-21.020833333343752,140.55833333303076,-2261.4568
-21.020833333343752,140.56249999969745,-2393.1428
-21.020833333343752,140.5666666663641,-2595.3784
-21.020833333343752,140.57083333303078,-2756.1843
-21.020833333343752,140.57499999969747,-2761.0112
-21.020833333343752,140.57916666636413,-2530.6853
-21.020833333343752,140.5833333330308,-2022.3495
-21.020833333343752,140.58749999969746,-1420.9025
-21.020833333343752,140.59166666636412,-862.74567
-21.020833333343752,140.5958333330308,-491.0166
-21.020833333343752,140.59999999969747,-888.7283
-21.020833333343752,140.60416666636414,-1450.541
-21.020833333343752,140.60833333303083,-2041.6361
-21.020833333343752,140.6124999996975,-2492.8813
-21.020833333343752,140.61666666636415,-2660.1223
-21.020833333343752,140.62083333303082,-1754.814
-21.020833333343752,140.62499999969748,-674.21716
-21.020833333343752,140.62916666636417,310.00522
-21.020833333343752,140.63333333303083,957.88684
-21.020833333343752,140.6374999996975,997.3265
-21.020833333343752,140.6416666663642,685.04114
-21.020833333343752,140.64583333303085,173.24162
-21.020833333343752,140.6499999996975,-399.16882
-21.020833333343752,140.65416666636418,-917.8007
-21.020833333343752,140.65833333303084,-1147.8401
-21.020833333343752,140.66249999969753,-1285.5801
-21.020833333343752,140.6666666663642,-1386.6033
-21.020833333343752,140.67083333303086,-1486.7814
-21.020833333343752,140.67499999969755,-1594.048
-21.020833333343752,140.6791666663642,-1677.0824
-21.020833333343752,140.68333333303087,-1785.265
-21.020833333343752,140.68749999969754,-1958.8995
-21.020833333343752,140.6916666663642,-2241.9768
-21.020833333343752,140.6958333330309,-2644.2415
-21.020833333343752,140.69999999969755,-3197.906
-21.020833333343752,140.70416666636422,-3895.15
-21.020833333343752,140.7083333330309,-4598.179
-21.020833333343752,140.71249999969757,-5062.2227
-21.020833333343752,140.71666666636423,-4053.3718
-21.020833333343752,140.7208333330309,-2718.4175
-21.020833333343752,140.72499999969756,-1283.0078
-21.020833333343752,140.72916666636425,56.16034
-21.020833333343752,140.7333333330309,537.99243
-21.020833333343752,140.73749999969758,857.5777
-21.020833333343752,140.74166666636427,1066.9391
-21.020833333343752,140.74583333303093,1176.2208
-21.020833333343752,140.7499999996976,1183.9966
-21.020833333343752,140.75416666636426,1083.5575
-21.020833333343752,140.75833333303092,1631.0079
-21.020833333343752,140.7624999996976,2169.275
-21.020833333343752,140.76666666636427,2651.3672
-21.020833333343752,140.77083333303094,2846.0977
-21.020833333343752,140.77499999969763,1307.0347
-21.020833333343752,140.7791666663643,-632.9164
-21.020833333343752,140.78333333303095,-2609.4482
-21.020833333343752,140.78749999969762,-4260.473
-21.020833333343752,140.79166666636428,-4459.2734
-21.020833333343752,140.79583333303097,-4354.732
-21.020833333343752,140.79999999969763,-4206.2695
-21.020833333343752,140.8041666663643,-4136.0312
-21.020833333343752,140.808333333031,-4120.0386
-21.025000000010422,140.53333333303075,-2226.8704
-21.025000000010422,140.53749999969742,-2954.0845
-21.025000000010422,140.5416666663641,-3111.4692
-21.025000000010422,140.54583333303077,-3004.614
-21.025000000010422,140.54999999969743,-2784.6729
-21.025000000010422,140.5541666663641,-2564.7874
-21.025000000010422,140.55833333303076,-2450.4653
-21.025000000010422,140.56249999969745,-2630.3054
-21.025000000010422,140.5666666663641,-2917.4846
-21.025000000010422,140.57083333303078,-3181.374
-21.025000000010422,140.57499999969747,-3274.32
-21.025000000010422,140.57916666636413,-2960.6472
-21.025000000010422,140.5833333330308,-2419.1243
-21.025000000010422,140.58749999969746,-1822.288
-21.025000000010422,140.59166666636412,-1310.9622
-21.025000000010422,140.5958333330308,-1020.15344
-21.025000000010422,140.59999999969747,-1175.1029
-21.025000000010422,140.60416666636414,-1500.4664
-21.025000000010422,140.60833333303083,-1822.9906
-21.025000000010422,140.6124999996975,-1975.824
-21.025000000010422,140.61666666636415,-1788.3165
-21.025000000010422,140.62083333303082,-985.1699
-21.025000000010422,140.62499999969748,49.813843
-21.025000000010422,140.62916666636417,1033.5245
-21.025000000010422,140.63333333303083,1689.5261
-21.025000000010422,140.6374999996975,1642.9453
-21.025000000010422,140.6416666663642,1223.4426
-21.025000000010422,140.64583333303085,621.93335
-21.025000000010422,140.6499999996975,-6.8865743
-21.025000000010422,140.65416666636418,-542.14886
-21.025000000010422,140.65833333303084,-827.96875
-21.025000000010422,140.66249999969753,-990.2345
-21.025000000010422,140.6666666663642,-1096.4427
-21.025000000010422,140.67083333303086,-1194.5878
-21.025000000010422,140.67499999969755,-1313.1427
-21.025000000010422,140.6791666663642,-1426.6421
-21.025000000010422,140.68333333303087,-1542.7107
-21.025000000010422,140.68749999969754,-1696.0717
-21.025000000010422,140.6916666663642,-1942.0105
-21.025000000010422,140.6958333330309,-2387.7034
-21.025000000010422,140.69999999969755,-2945.586
-21.025000000010422,140.70416666636422,-3552.4717
-21.025000000010422,140.7083333330309,-4078.3103
-21.025000000010422,140.71249999969757,-4313.858
-21.025000000010422,140.71666666636423,-3811.4324
-21.025000000010422,140.7208333330309,-3006.2312
-21.025000000010422,140.72499999969756,-2104.7878
-21.025000000010422,140.72916666636425,-1242.7272
-21.025000000010422,140.7333333330309,-504.54288
-21.025000000010422,140.73749999969758,69.76364
-21.025000000010422,140.74166666636427,458.43042
-21.025000000010422,140.74583333303093,646.57825
-21.025000000010422,140.7499999996976,661.00726
-21.025000000010422,140.75416666636426,561.65546
-21.025000000010422,140.75833333303092,631.0695
-21.025000000010422,140.7624999996976,698.0876
-21.025000000010422,140.76666666636427,719.92676
-21.025000000010422,140.77083333303094,661.2449
-21.025000000010422,140.77499999969763,-192.00954
-21.025000000010422,140.7791666663643,-1405.1343
-21.025000000010422,140.78333333303095,-2680.5767
-21.025000000010422,140.78749999969762,-3708.307
-21.025000000010422,140.79166666636428,-4052.7588
-21.025000000010422,140.79583333303097,-4095.3655
-21.025000000010422,140.79999999969763,-4029.5764
-21.025000000010422,140.8041666663643,-3957.5593
-21.025000000010422,140.808333333031,-3889.2178
-21.029166666677092,140.53333333303075,-1308.9242
-21.029166666677092,140.53749999969742,-1619.3668
-21.029166666677092,140.5416666663641,-2109.2512
-21.029166666677092,140.54583333303077,-2371.1406
-21.029166666677092,140.54999999969743,-2460.843
-21.029166666677092,140.5541666663641,-2462.272
-21.029166666677092,140.55833333303076,-2506.6367
-21.029166666677092,140.56249999969745,-2819.9119
-21.029166666677092,140.5666666663641,-3235.5745
-21.029166666677092,140.57083333303078,-3641.7012
-21.029166666677092,140.57499999969747,-3898.0513
-21.029166666677092,140.57916666636413,-3412.3284
-21.029166666677092,140.5833333330308,-2774.653
-21.029166666677092,140.58749999969746,-2137.6482
-21.029166666677092,140.59166666636412,-1633.1976
-21.029166666677092,140.5958333330308,-1338.2361
-21.029166666677092,140.59999999969747,-1364.7703
-21.029166666677092,140.60416666636414,-1519.0096
-21.029166666677092,140.60833333303083,-1637.9971
-21.029166666677092,140.6124999996975,-1560.3081
-21.029166666677092,140.61666666636415,-1149.854
-21.029166666677092,140.62083333303082,-305.82004
-21.029166666677092,140.62499999969748,785.2933
-21.029166666677092,140.62916666636417,1870.0367
-21.029166666677092,140.63333333303083,2679.977
-21.029166666677092,140.6374999996975,2397.5447
-21.029166666677092,140.6416666663642,1789.8936
-21.029166666677092,140.64583333303085,1043.3113
-21.029166666677092,140.6499999996975,321.00256
-21.029166666677092,140.65416666636418,-291.2156
-21.029166666677092,140.65833333303084,-572.365
-21.029166666677092,140.66249999969753,-722.73883
-21.029166666677092,140.6666666663642,-805.38196
-21.029166666677092,140.67083333303086,-879.4167
-21.029166666677092,140.67499999969755,-1013.1674
-21.029166666677092,140.6791666663642,-1142.7053
-21.029166666677092,140.68333333303087,-1246.1464
-21.029166666677092,140.68749999969754,-1348.2115
-21.029166666677092,140.6916666663642,-1497.5345
-21.029166666677092,140.6958333330309,-1991.3302
-21.029166666677092,140.69999999969755,-2534.715
-21.029166666677092,140.70416666636422,-3060.5774
-21.029166666677092,140.7083333330309,-3461.7517
-21.029166666677092,140.71249999969757,-3635.7197
-21.029166666677092,140.71666666636423,-3452.815
-21.029166666677092,140.7208333330309,-3110.5396
-21.029166666677092,140.72499999969756,-2726.144
-21.029166666677092,140.72916666636425,-2363.4036
-21.029166666677092,140.7333333330309,-1400.3275
-21.029166666677092,140.73749999969758,-595.2883
-21.029166666677092,140.74166666636427,-33.14076
-21.029166666677092,140.74583333303093,242.05402
-21.029166666677092,140.7499999996976,259.75876
-21.029166666677092,140.75416666636426,7.149225
-21.029166666677092,140.75833333303092,-320.8646
-21.029166666677092,140.7624999996976,-720.52454
-21.029166666677092,140.76666666636427,-1165.3007
-21.029166666677092,140.77083333303094,-1168.8433
-21.029166666677092,140.77499999969763,-1491.4869
-21.029166666677092,140.7791666663643,-2073.8696
-21.029166666677092,140.78333333303095,-2743.02
-21.029166666677092,140.78749999969762,-3285.2405
-21.029166666677092,140.79166666636428,-3593.8557
-21.029166666677092,140.79583333303097,-3690.574
-21.029166666677092,140.79999999969763,-3660.665
-21.029166666677092,140.8041666663643,-3584.4932
-21.029166666677092,140.808333333031,-3494.7388
-21.033333333343762,140.53333333303075,-735.50543
-21.033333333343762,140.53749999969742,-454.59515
-21.033333333343762,140.5416666663641,-1404.9675
-21.033333333343762,140.54583333303077,-1932.938
-21.033333333343762,140.54999999969743,-2227.9895
-21.033333333343762,140.5541666663641,-2346.5945
-21.033333333343762,140.55833333303076,-2383.1084
-21.033333333343762,140.56249999969745,-2902.6208
-21.033333333343762,140.5666666663641,-3449.088
-21.033333333343762,140.57083333303078,-4025.4517
-21.033333333343762,140.57499999969747,-4748.0913
-21.033333333343762,140.57916666636413,-3769.79
-21.033333333343762,140.5833333330308,-2970.4866
-21.033333333343762,140.58749999969746,-2270.9282
-21.033333333343762,140.59166666636412,-1749.3647
-21.033333333343762,140.5958333330308,-1385.5098
-21.033333333343762,140.59999999969747,-1420.087
-21.033333333343762,140.60416666636414,-1510.8556
-21.033333333343762,140.60833333303083,-1534.7953
-21.033333333343762,140.6124999996975,-1346.4679
-21.033333333343762,140.61666666636415,-828.8838
-21.033333333343762,140.62083333303082,142.11192
-21.033333333343762,140.62499999969748,1361.7054
-21.033333333343762,140.62916666636417,2655.2778
-21.033333333343762,140.63333333303083,4060.078
-21.033333333343762,140.6374999996975,3131.5146
-21.033333333343762,140.6416666663642,2275.1572
-21.033333333343762,140.64583333303085,1375.7123
-21.033333333343762,140.6499999996975,551.7225
-21.033333333343762,140.65416666636418,-235.1272
-21.033333333343762,140.65833333303084,-396.7453
-21.033333333343762,140.66249999969753,-504.62823
-21.033333333343762,140.6666666663642,-541.67377
-21.033333333343762,140.67083333303086,-548.34863
-21.033333333343762,140.67499999969755,-725.8979
-21.033333333343762,140.6791666663642,-884.07996
-21.033333333343762,140.68333333303087,-976.05316
-21.033333333343762,140.68749999969754,-1004.42535
-21.033333333343762,140.6916666663642,-887.2443
-21.033333333343762,140.6958333330309,-1571.9119
-21.033333333343762,140.69999999969755,-2101.0928
-21.033333333343762,140.70416666636422,-2548.5725
-21.033333333343762,140.7083333330309,-2856.5605
-21.033333333343762,140.71249999969757,-3039.481
-21.033333333343762,140.71666666636423,-2975.3372
-21.033333333343762,140.7208333330309,-2936.586
-21.033333333343762,140.72499999969756,-2996.5737
-21.033333333343762,140.72916666636425,-3457.1428
-21.033333333343762,140.7333333330309,-1939.4365
-21.033333333343762,140.73749999969758,-944.2288
-21.033333333343762,140.74166666636427,-278.78568
-21.033333333343762,140.74583333303093,30.680702
-21.033333333343762,140.7499999996976,50.41202
-21.033333333343762,140.75416666636426,-408.0412
-21.033333333343762,140.75833333303092,-1078.1584
-21.033333333343762,140.7624999996976,-1916.0717
-21.033333333343762,140.76666666636427,-3055.087
-21.033333333343762,140.77083333303094,-2536.8125
-21.033333333343762,140.77499999969763,-2439.3074
-21.033333333343762,140.7791666663643,-2560.1604
-21.033333333343762,140.78333333303095,-2794.7637
-21.033333333343762,140.78749999969762,-2972.0305
-21.033333333343762,140.79166666636428,-3190.0317
-21.033333333343762,140.79583333303097,-3272.497
-21.033333333343762,140.79999999969763,-3242.0977
-21.033333333343762,140.8041666663643,-3143.5388
-21.033333333343762,140.808333333031,-2933.1897
-21.037500000010432,140.53333333303075,-1041.2179
-21.037500000010432,140.53749999969742,-1053.9402
-21.037500000010432,140.5416666663641,-1526.7164
-21.037500000010432,140.54583333303077,-1935.173
-21.037500000010432,140.54999999969743,-2235.6472
-21.037500000010432,140.5541666663641,-2441.1252
-21.037500000010432,140.55833333303076,-2632.1372
-21.037500000010432,140.56249999969745,-2992.3472
-21.037500000010432,140.5666666663641,-3387.5452
-21.037500000010432,140.57083333303078,-3739.906
-21.037500000010432,140.57499999969747,-3939.125
-21.037500000010432,140.57916666636413,-3418.0337
-21.037500000010432,140.5833333330308,-2783.7634
-21.037500000010432,140.58749999969746,-2179.5122
-21.037500000010432,140.59166666636412,-1716.4374
-21.037500000010432,140.5958333330308,-1441.0989
-21.037500000010432,140.59999999969747,-1424.855
-21.037500000010432,140.60416666636414,-1503.8408
-21.037500000010432,140.60833333303083,-1515.7662
-21.037500000010432,140.6124999996975,-1280.3527
-21.037500000010432,140.61666666636415,-647.327
-21.037500000010432,140.62083333303082,343.74707
-21.037500000010432,140.62499999969748,1516.6733
-21.037500000010432,140.62916666636417,2633.5366
-21.037500000010432,140.63333333303083,3434.5237
-21.037500000010432,140.6374999996975,3100.9207
-21.037500000010432,140.6416666663642,2420.672
-21.037500000010432,140.64583333303085,1598.1006
-21.037500000010432,140.6499999996975,810.68207
-21.037500000010432,140.65416666636418,150.28867
-21.037500000010432,140.65833333303084,-157.36984
-21.037500000010432,140.66249999969753,-309.4649
-21.037500000010432,140.6666666663642,-372.5352
-21.037500000010432,140.67083333303086,-421.7914
-21.037500000010432,140.67499999969755,-549.9528
-21.037500000010432,140.6791666663642,-721.1782
-21.037500000010432,140.68333333303087,-876.81726
-21.037500000010432,140.68749999969754,-1001.9284
-21.037500000010432,140.6916666663642,-1107.5883
-21.037500000010432,140.6958333330309,-1469.57
-21.037500000010432,140.69999999969755,-1799.7587
-21.037500000010432,140.70416666636422,-2065.4922
-21.037500000010432,140.7083333330309,-2229.315
-21.037500000010432,140.71249999969757,-2298.111
-21.037500000010432,140.71666666636423,-2257.1506
-21.037500000010432,140.7208333330309,-2213.049
-21.037500000010432,140.72499999969756,-2182.3477
-21.037500000010432,140.72916666636425,-2138.956
-21.037500000010432,140.7333333330309,-1384.4337
-21.037500000010432,140.73749999969758,-710.6502
-21.037500000010432,140.74166666636427,-213.50432
-21.037500000010432,140.74583333303093,43.16105
-21.037500000010432,140.7499999996976,153.16026
-21.037500000010432,140.75416666636426,-610.7651
-21.037500000010432,140.75833333303092,-1434.358
-21.037500000010432,140.7624999996976,-2282.1975
-21.037500000010432,140.76666666636427,-3008.2007
-21.037500000010432,140.77083333303094,-2998.175
-21.037500000010432,140.77499999969763,-2898.2993
-21.037500000010432,140.7791666663643,-2827.7754
-21.037500000010432,140.78333333303095,-2809.1084
-21.037500000010432,140.78749999969762,-2812.3823
-21.037500000010432,140.79166666636428,-2872.4736
-21.037500000010432,140.79583333303097,-2906.8167
-21.037500000010432,140.79999999969763,-2893.2751
-21.037500000010432,140.8041666663643,-2850.955
-21.037500000010432,140.808333333031,-2799.2227
-21.041666666677102,140.53333333303075,-1608.047
-21.041666666677102,140.53749999969742,-1652.5684
-21.041666666677102,140.5416666663641,-1905.8363
-21.041666666677102,140.54583333303077,-2162.7048
-21.041666666677102,140.54999999969743,-2390.0344
-21.041666666677102,140.5541666663641,-2582.7092
-21.041666666677102,140.55833333303076,-2766.3362
-21.041666666677102,140.56249999969745,-2988.0037
-21.041666666677102,140.5666666663641,-3198.1042
-21.041666666677102,140.57083333303078,-3338.8987
-21.041666666677102,140.57499999969747,-3315.9336
-21.041666666677102,140.57916666636413,-2934.0505
-21.041666666677102,140.5833333330308,-2418.981
-21.041666666677102,140.58749999969746,-1905.7211
-21.041666666677102,140.59166666636412,-1500.495
-21.041666666677102,140.5958333330308,-1285.7479
-21.041666666677102,140.59999999969747,-1320.2906
-21.041666666677102,140.60416666636414,-1488.6187
-21.041666666677102,140.60833333303083,-1614.5717
-21.041666666677102,140.6124999996975,-1476.2837
-21.041666666677102,140.61666666636415,-731.6787
-21.041666666677102,140.62083333303082,339.7124
-21.041666666677102,140.62499999969748,1515.2765
-21.041666666677102,140.62916666636417,2551.0288
-21.041666666677102,140.63333333303083,3181.7415
-21.041666666677102,140.6374999996975,3038.3066
-21.041666666677102,140.6416666663642,2471.6445
-21.041666666677102,140.64583333303085,1713.7942
-21.041666666677102,140.6499999996975,952.418
-21.041666666677102,140.65416666636418,328.9923
-21.041666666677102,140.65833333303084,-10.723761
-21.041666666677102,140.66249999969753,-171.8041
-21.041666666677102,140.6666666663642,-234.21938
-21.041666666677102,140.67083333303086,-273.96844
-21.041666666677102,140.67499999969755,-367.5943
-21.041666666677102,140.6791666663642,-599.7751
-21.041666666677102,140.68333333303087,-848.31506
-21.041666666677102,140.68749999969754,-1066.647
-21.041666666677102,140.6916666663642,-1237.5536
-21.041666666677102,140.6958333330309,-1418.356
-21.041666666677102,140.69999999969755,-1543.7267
-21.041666666677102,140.70416666636422,-1609.6869
-21.041666666677102,140.7083333330309,-1610.269
-21.041666666677102,140.71249999969757,-1547.5043
-21.041666666677102,140.71666666636423,-1417.6959
-21.041666666677102,140.7208333330309,-1265.3448
-21.041666666677102,140.72499999969756,-1097.0511
-21.041666666677102,140.72916666636425,-888.964
-21.041666666677102,140.7333333330309,-533.0246
-21.041666666677102,140.73749999969758,-207.56215
-21.041666666677102,140.74166666636427,-1.6989458
-21.041666666677102,140.74583333303093,13.34492
-21.041666666677102,140.7499999996976,-205.46724
-21.041666666677102,140.75416666636426,-868.7546
-21.041666666677102,140.75833333303092,-1681.7698
-21.041666666677102,140.7624999996976,-2488.9216
-21.041666666677102,140.76666666636427,-3091.7878
-21.041666666677102,140.77083333303094,-3212.1433
-21.041666666677102,140.77499999969763,-3110.53
-21.041666666677102,140.7791666663643,-2923.9858
-21.041666666677102,140.78333333303095,-2735.8823
-21.041666666677102,140.78749999969762,-2599.4583
-21.041666666677102,140.79166666636428,-2561.0881
-21.041666666677102,140.79583333303097,-2566.9897
-21.041666666677102,140.79999999969763,-2573.053
-21.041666666677102,140.8041666663643,-2564.6467
-21.041666666677102,140.808333333031,-2545.0803
-21.045833333343772,140.53333333303075,-2186.968
-21.045833333343772,140.53749999969742,-2202.972
-21.045833333343772,140.5416666663641,-2334.393
-21.045833333343772,140.54583333303077,-2449.1052
-21.045833333343772,140.54999999969743,-2585.745
-21.045833333343772,140.5541666663641,-2730.4297
-21.045833333343772,140.55833333303076,-2866.806
-21.045833333343772,140.56249999969745,-2931.839
-21.045833333343772,140.5666666663641,-2956.1616
-21.045833333343772,140.57083333303078,-2912.0488
-21.045833333343772,140.57499999969747,-2747.0505
-21.045833333343772,140.57916666636413,-2419.9167
-21.045833333343772,140.5833333330308,-1983.9077
-21.045833333343772,140.58749999969746,-1525.8352
-21.045833333343772,140.59166666636412,-1143.1343
-21.045833333343772,140.5958333330308,-951.5976
-21.045833333343772,140.59999999969747,-1096.1334
-21.045833333343772,140.60416666636414,-1434.5883
-21.045833333343772,140.60833333303083,-1776.541
-21.045833333343772,140.6124999996975,-1894.3263
-21.045833333343772,140.61666666636415,-943.66223
-21.045833333343772,140.62083333303082,264.88272
-21.045833333343772,140.62499999969748,1519.8431
-21.045833333343772,140.62916666636417,2580.464
-21.045833333343772,140.63333333303083,3221.9917
-21.045833333343772,140.6374999996975,3095.7356
-21.045833333343772,140.6416666663642,2540.5984
-21.045833333343772,140.64583333303085,1773.6846
-21.045833333343772,140.6499999996975,982.2437
-21.045833333343772,140.65416666636418,317.9218
-21.045833333343772,140.65833333303084,25.9859
-21.045833333343772,140.66249999969753,-91.244865
-21.045833333343772,140.6666666663642,-116.32594
-21.045833333343772,140.67083333303086,-117.22093
-21.045833333343772,140.67499999969755,-147.10124
-21.045833333343772,140.6791666663642,-486.76694
-21.045833333343772,140.68333333303087,-845.0132
-21.045833333343772,140.68749999969754,-1163.4883
-21.045833333343772,140.6916666663642,-1382.6168
-21.045833333343772,140.6958333330309,-1372.9935
-21.045833333343772,140.69999999969755,-1278.47
-21.045833333343772,140.70416666636422,-1143.1953
-21.045833333343772,140.7083333330309,-982.8302
-21.045833333343772,140.71249999969757,-789.65234
-21.045833333343772,140.71666666636423,-562.5434
-21.045833333343772,140.7208333330309,-290.49548
-21.045833333343772,140.72499999969756,15.325659
-21.045833333343772,140.72916666636425,347.17422
-21.045833333343772,140.7333333330309,383.6929
-21.045833333343772,140.73749999969758,389.817
-21.045833333343772,140.74166666636427,317.92163
-21.045833333343772,140.74583333303093,116.32532
-21.045833333343772,140.7499999996976,-292.9409
-21.045833333343772,140.75416666636426,-999.5908
-21.045833333343772,140.75833333303092,-1847.0505
-21.045833333343772,140.7624999996976,-2666.6753
-21.045833333343772,140.76666666636427,-3264.6482
-21.045833333343772,140.77083333303094,-3383.1553
-21.045833333343772,140.77499999969763,-3217.2358
-21.045833333343772,140.7791666663643,-2902.1282
-21.045833333343772,140.78333333303095,-2554.8704
-21.045833333343772,140.78749999969762,-2267.8433
-21.045833333343772,140.79166666636428,-2205.8484
-21.045833333343772,140.79583333303097,-2225.032
-21.045833333343772,140.79999999969763,-2266.9172
-21.045833333343772,140.8041666663643,-2288.2214
-21.045833333343772,140.808333333031,-2278.8533
-21.050000000010442,140.53333333303075,-2590.0527
-21.050000000010442,140.53749999969742,-2564.806
-21.050000000010442,140.5416666663641,-2682.7993
-21.050000000010442,140.54583333303077,-2655.471
-21.050000000010442,140.54999999969743,-2720.5864
-21.050000000010442,140.5541666663641,-2825.376
-21.050000000010442,140.55833333303076,-2931.7937
-21.050000000010442,140.56249999969745,-2833.8328
-21.050000000010442,140.5666666663641,-2695.4585
-21.050000000010442,140.57083333303078,-2513.2798
-21.050000000010442,140.57499999969747,-2265.9644
-21.050000000010442,140.57916666636413,-1959.8341
-21.050000000010442,140.5833333330308,-1566.0457
-21.050000000010442,140.58749999969746,-1125.0968
-21.050000000010442,140.59166666636412,-711.04376
-21.050000000010442,140.5958333330308,-456.4796
-21.050000000010442,140.59999999969747,-741.3782
-21.050000000010442,140.60416666636414,-1268.5724
-21.050000000010442,140.60833333303083,-1898.2826
-21.050000000010442,140.6124999996975,-2724.1992
-21.050000000010442,140.61666666636415,-1149.4607
-21.050000000010442,140.62083333303082,253.04591
-21.050000000010442,140.62499999969748,1618.68
-21.050000000010442,140.62916666636417,2773.002
-21.050000000010442,140.63333333303083,3590.2986
-21.050000000010442,140.6374999996975,3305.8416
-21.050000000010442,140.6416666663642,2669.4722
-21.050000000010442,140.64583333303085,1826.8815
-21.050000000010442,140.6499999996975,949.0325
-21.050000000010442,140.65416666636418,145.04636
-21.050000000010442,140.65833333303084,-2.094745
-21.050000000010442,140.66249999969753,-38.028248
-21.050000000010442,140.6666666663642,-8.53965
-21.050000000010442,140.67083333303086,48.854996
-21.050000000010442,140.67499999969755,239.77203
-21.050000000010442,140.6791666663642,-360.9368
-21.050000000010442,140.68333333303087,-830.5766
-21.050000000010442,140.68749999969754,-1232.1001
-21.050000000010442,140.6916666663642,-1517.5007
-21.050000000010442,140.6958333330309,-1259.4167
-21.050000000010442,140.69999999969755,-936.2669
-21.050000000010442,140.70416666636422,-617.4914
-21.050000000010442,140.7083333330309,-334.47122
-21.050000000010442,140.71249999969757,-63.70214
-21.050000000010442,140.71666666636423,217.88426
-21.050000000010442,140.7208333330309,558.76306
-21.050000000010442,140.72499999969756,972.3044
-21.050000000010442,140.72916666636425,1575.0363
-21.050000000010442,140.7333333330309,1182.2992
-21.050000000010442,140.73749999969758,930.7079
-21.050000000010442,140.74166666636427,659.842
-21.050000000010442,140.74583333303093,310.8028
-21.050000000010442,140.7499999996976,-220.93777
-21.050000000010442,140.75416666636426,-1007.0727
-21.050000000010442,140.75833333303092,-1937.5894
-21.050000000010442,140.7624999996976,-2848.4385
-21.050000000010442,140.76666666636427,-3555.9966
-21.050000000010442,140.77083333303094,-3556.9546
-21.050000000010442,140.77499999969763,-3277.1675
-21.050000000010442,140.7791666663643,-2817.5745
-21.050000000010442,140.78333333303095,-2306.793
-21.050000000010442,140.78749999969762,-1841.6871
-21.050000000010442,140.79166666636428,-1829.2489
-21.050000000010442,140.79583333303097,-1894.8478
-21.050000000010442,140.79999999969763,-1979.7096
-21.050000000010442,140.8041666663643,-2030.6777
-21.050000000010442,140.808333333031,-2029.1075
-21.054166666677112,140.53333333303075,-2710.1252
-21.054166666677112,140.53749999969742,-2624.0017
-21.054166666677112,140.5416666663641,-2631.293
-21.054166666677112,140.54583333303077,-2626.9285
-21.054166666677112,140.54999999969743,-2694.5408
-21.054166666677112,140.5541666663641,-2814.3901
-21.054166666677112,140.55833333303076,-3024.2417
-21.054166666677112,140.56249999969745,-2687.4797
-21.054166666677112,140.5666666663641,-2410.2656
-21.054166666677112,140.57083333303078,-2124.5398
-21.054166666677112,140.57499999969747,-1806.9128
-21.054166666677112,140.57916666636413,-1562.1058
-21.054166666677112,140.5833333330308,-1226.0432
-21.054166666677112,140.58749999969746,-791.43854
-21.054166666677112,140.59166666636412,-303.67786
-21.054166666677112,140.5958333330308,262.43448
-21.054166666677112,140.59999999969747,-270.88153
-21.054166666677112,140.60416666636414,-774.8355
-21.054166666677112,140.60833333303083,-1215.4169
-21.054166666677112,140.6124999996975,-1410.6942
-21.054166666677112,140.61666666636415,-549.48224
-21.054166666677112,140.62083333303082,551.4798
-21.054166666677112,140.62499999969748,1791.006
-21.054166666677112,140.62916666636417,3021.3296
-21.054166666677112,140.63333333303083,4363.512
-21.054166666677112,140.6374999996975,3553.8567
-21.054166666677112,140.6416666663642,2812.4226
-21.054166666677112,140.64583333303085,1932.9465
-21.054166666677112,140.6499999996975,966.8049
-21.054166666677112,140.65416666636418,-270.81735
-21.054166666677112,140.65833333303084,4.9220557
-21.054166666677112,140.66249999969753,53.475708
-21.054166666677112,140.6666666663642,37.43189
-21.054166666677112,140.67083333303086,-42.425163
-21.054166666677112,140.67499999969755,-129.47223
-21.054166666677112,140.6791666663642,-465.47278
-21.054166666677112,140.68333333303087,-824.73834
-21.054166666677112,140.68749999969754,-1212.3606
-21.054166666677112,140.6916666663642,-1771.0032
-21.054166666677112,140.6958333330309,-994.0039
-21.054166666677112,140.69999999969755,-436.33783
-21.054166666677112,140.70416666636422,23.47119
-21.054166666677112,140.7083333330309,375.46402
-21.054166666677112,140.71249999969757,657.4452
-21.054166666677112,140.71666666636423,895.4665
-21.054166666677112,140.7208333330309,1134.7621
-21.054166666677112,140.72499999969756,1384.3595
-21.054166666677112,140.72916666636425,1616.5306
-21.054166666677112,140.7333333330309,1456.4694
-21.054166666677112,140.73749999969758,1236.0574
-21.054166666677112,140.74166666636427,951.4062
-21.054166666677112,140.74583333303093,573.0487
-21.054166666677112,140.7499999996976,40.604195
-21.054166666677112,140.75416666636426,-867.49414
-21.054166666677112,140.75833333303092,-1915.1605
-21.054166666677112,140.7624999996976,-2985.9846
-21.054166666677112,140.76666666636427,-4059.5322
-21.054166666677112,140.77083333303094,-3724.8596
-21.054166666677112,140.77499999969763,-3304.9387
-21.054166666677112,140.7791666663643,-2720.1267
-21.054166666677112,140.78333333303095,-2052.8
-21.054166666677112,140.78749999969762,-1225.1161
-21.054166666677112,140.79166666636428,-1484.9756
-21.054166666677112,140.79583333303097,-1621.8734
-21.054166666677112,140.79999999969763,-1735.9364
-21.054166666677112,140.8041666663643,-1808.2108
-21.054166666677112,140.808333333031,-1878.1954
-21.058333333343782,140.53333333303075,-2564.3096
-21.058333333343782,140.53749999969742,-2469.7605
-21.058333333343782,140.5416666663641,-2437.8652
-21.058333333343782,140.54583333303077,-2429.3984
-21.058333333343782,140.54999999969743,-2462.8733
-21.058333333343782,140.5541666663641,-2510.78
-21.058333333343782,140.55833333303076,-2530.2297
-21.058333333343782,140.56249999969745,-2316.3125
-21.058333333343782,140.5666666663641,-2056.4075
-21.058333333343782,140.57083333303078,-1779.5505
-21.058333333343782,140.57499999969747,-1509.4292
-21.058333333343782,140.57916666636413,-1282.703
-21.058333333343782,140.5833333330308,-1010.7761
-21.058333333343782,140.58749999969746,-666.46814
-21.058333333343782,140.59166666636412,-294.94614
-21.058333333343782,140.5958333330308,8.055685
-21.058333333343782,140.59999999969747,-136.2426
-21.058333333343782,140.60416666636414,-374.68503
-21.058333333343782,140.60833333303083,-564.9055
-21.058333333343782,140.6124999996975,-526.2476
-21.058333333343782,140.61666666636415,36.935993
-21.058333333343782,140.62083333303082,813.97217
-21.058333333343782,140.62499999969748,1700.8009
-21.058333333343782,140.62916666636417,2567.0593
-21.058333333343782,140.63333333303083,3277.389
-21.058333333343782,140.6374999996975,3127.772
-21.058333333343782,140.6416666663642,2759.7349
-21.058333333343782,140.64583333303085,2220.259
-21.058333333343782,140.6499999996975,1564.1113
-21.058333333343782,140.65416666636418,821.0563
-21.058333333343782,140.65833333303084,596.37964
-21.058333333343782,140.66249999969753,387.05597
-21.058333333343782,140.6666666663642,148.95494
-21.058333333343782,140.67083333303086,-112.9529
-21.058333333343782,140.67499999969755,-324.04465
-21.058333333343782,140.6791666663642,-486.08182
-21.058333333343782,140.68333333303087,-572.1327
-21.058333333343782,140.68749999969754,-603.9414
-21.058333333343782,140.6916666663642,-583.1328
-21.058333333343782,140.6958333330309,-107.2516
-21.058333333343782,140.69999999969755,374.30798
-21.058333333343782,140.70416666636422,812.3863
-21.058333333343782,140.7083333330309,1163.6686
-21.058333333343782,140.71249999969757,1405.0514
-21.058333333343782,140.71666666636423,1518.2062
-21.058333333343782,140.7208333330309,1577.5813
-21.058333333343782,140.72499999969756,1631.2704
-21.058333333343782,140.72916666636425,1671.622
-21.058333333343782,140.7333333330309,1573.4191
-21.058333333343782,140.73749999969758,1419.2771
-21.058333333343782,140.74166666636427,1193.7273
-21.058333333343782,140.74583333303093,838.65155
-21.058333333343782,140.7499999996976,267.7836
-21.058333333343782,140.75416666636426,-613.0648
-21.058333333343782,140.75833333303092,-1660.0099
-21.058333333343782,140.7624999996976,-2685.9253
-21.058333333343782,140.76666666636427,-3471.8545
-21.058333333343782,140.77083333303094,-3495.4238
-21.058333333343782,140.77499999969763,-3201.0708
-21.058333333343782,140.7791666663643,-2714.5806
-21.058333333343782,140.78333333303095,-2166.1375
-21.058333333343782,140.78749999969762,-1650.3728
-21.058333333343782,140.79166666636428,-1556.8978
-21.058333333343782,140.79583333303097,-1537.8188
-21.058333333343782,140.79999999969763,-1550.7065
-21.058333333343782,140.8041666663643,-1569.0892
-21.058333333343782,140.808333333031,-1585.3799
-21.062500000010452,140.53333333303075,-2264.8923
-21.062500000010452,140.53749999969742,-2184.3694
-21.062500000010452,140.5416666663641,-2140.7925
-21.062500000010452,140.54583333303077,-2126.1853
-21.062500000010452,140.54999999969743,-2131.7305
-21.062500000010452,140.5541666663641,-2133.7021
-21.062500000010452,140.55833333303076,-2086.699
-21.062500000010452,140.56249999969745,-1917.0093
-21.062500000010452,140.5666666663641,-1686.1793
-21.062500000010452,140.57083333303078,-1430.1594
-21.062500000010452,140.57499999969747,-1184.8666
-21.062500000010452,140.57916666636413,-1038.3506
-21.062500000010452,140.5833333330308,-862.4867
-21.062500000010452,140.58749999969746,-621.37384
-21.062500000010452,140.59166666636412,-343.4523
-21.062500000010452,140.5958333330308,-111.77078
-21.062500000010452,140.59999999969747,-59.120804
-21.062500000010452,140.60416666636414,-73.7352
-21.062500000010452,140.60833333303083,-45.11053
-21.062500000010452,140.6124999996975,138.5365
-21.062500000010452,140.61666666636415,546.87915
-21.062500000010452,140.62083333303082,994.1116
-21.062500000010452,140.62499999969748,1502.1168
-21.062500000010452,140.62916666636417,2008.1041
-21.062500000010452,140.63333333303083,2427.226
-21.062500000010452,140.6374999996975,2620.9993
-21.062500000010452,140.6416666663642,2664.5337
-21.062500000010452,140.64583333303085,2558.8599
-21.062500000010452,140.6499999996975,2277.79
-21.062500000010452,140.65416666636418,1699.0411
-21.062500000010452,140.65833333303084,1227.2083
-21.062500000010452,140.66249999969753,756.6083
-21.062500000010452,140.6666666663642,257.48724
-21.062500000010452,140.67083333303086,-237.97884
-21.062500000010452,140.67499999969755,-598.46576
-21.062500000010452,140.6791666663642,-522.62463
-21.062500000010452,140.68333333303087,-257.90808
-21.062500000010452,140.68749999969754,98.53124
-21.062500000010452,140.6916666663642,490.97556
-21.062500000010452,140.6958333330309,876.3444
-21.062500000010452,140.69999999969755,1268.4736
-21.062500000010452,140.70416666636422,1659.6039
-21.062500000010452,140.7083333330309,2005.3857
-21.062500000010452,140.71249999969757,2221.3657
-21.062500000010452,140.71666666636423,2137.3616
-21.062500000010452,140.7208333330309,1960.4557
-21.062500000010452,140.72499999969756,1790.8096
-21.062500000010452,140.72916666636425,1667.0602
-21.062500000010452,140.7333333330309,1601.038
-21.062500000010452,140.73749999969758,1544.2896
-21.062500000010452,140.74166666636427,1442.5442
-21.062500000010452,140.74583333303093,1206.8861
-21.062500000010452,140.7499999996976,722.3992
-21.062500000010452,140.75416666636426,-187.56021
-21.062500000010452,140.75833333303092,-1287.669
-21.062500000010452,140.7624999996976,-2360.9822
-21.062500000010452,140.76666666636427,-3152.9993
-21.062500000010452,140.77083333303094,-3286.6519
-21.062500000010452,140.77499999969763,-3073.0422
-21.062500000010452,140.7791666663643,-2690.614
-21.062500000010452,140.78333333303095,-2267.1152
-21.062500000010452,140.78749999969762,-1891.5265
-21.062500000010452,140.79166666636428,-1657.5297
-21.062500000010452,140.79583333303097,-1503.661
-21.062500000010452,140.79999999969763,-1400.4335
-21.062500000010452,140.8041666663643,-1347.808
-21.062500000010452,140.808333333031,-1408.0189
-21.066666666677122,140.53333333303075,-1931.1808
-21.066666666677122,140.53749999969742,-1864.3835
-21.066666666677122,140.5416666663641,-1815.6649
-21.066666666677122,140.54583333303077,-1788.9133
-21.066666666677122,140.54999999969743,-1772.7433
-21.066666666677122,140.5541666663641,-1749.3411
-21.066666666677122,140.55833333303076,-1677.7933
-21.066666666677122,140.56249999969745,-1542.1859
-21.066666666677122,140.5666666663641,-1341.6157
-21.066666666677122,140.57083333303078,-1099.1323
-21.066666666677122,140.57499999969747,-841.3007
-21.066666666677122,140.57916666636413,-823.4783
-21.066666666677122,140.5833333330308,-755.01733
-21.066666666677122,140.58749999969746,-609.10864
-21.066666666677122,140.59166666636412,-403.92554
-21.066666666677122,140.5958333330308,-209.38042
-21.066666666677122,140.59999999969747,-30.74747
-21.066666666677122,140.60416666636414,111.75068
-21.066666666677122,140.60833333303083,291.6101
-21.066666666677122,140.6124999996975,565.759
-21.066666666677122,140.61666666636415,952.7697
-21.066666666677122,140.62083333303082,1087.6564
-21.066666666677122,140.62499999969748,1248.2471
-21.066666666677122,140.62916666636417,1423.6633
-21.066666666677122,140.63333333303083,1600.1699
-21.066666666677122,140.6374999996975,2092.2947
-21.066666666677122,140.6416666663642,2536.3267
-21.066666666677122,140.64583333303085,2868.9614
-21.066666666677122,140.6499999996975,3011.015
-21.066666666677122,140.65416666636418,2428.435
-21.066666666677122,140.65833333303084,1761.0714
-21.066666666677122,140.66249999969753,1057.0446
-21.066666666677122,140.6666666663642,305.83084
-21.066666666677122,140.67083333303086,-450.09506
-21.066666666677122,140.67499999969755,-1051.4598
-21.066666666677122,140.6791666663642,-638.5578
-21.066666666677122,140.68333333303087,6.6972723
-21.066666666677122,140.68749999969754,757.5998
-21.066666666677122,140.6916666663642,1513.6285
-21.066666666677122,140.6958333330309,1773.5531
-21.066666666677122,140.69999999969755,2060.6592
-21.066666666677122,140.70416666636422,2421.4639
-21.066666666677122,140.7083333330309,2803.1912
-21.066666666677122,140.71249999969757,3077.1028
-21.066666666677122,140.71666666636423,2733.452
-21.066666666677122,140.7208333330309,2299.7786
-21.066666666677122,140.72499999969756,1907.1539
-21.066666666677122,140.72916666636425,1637.8472
-21.066666666677122,140.7333333330309,1599.8226
-21.066666666677122,140.73749999969758,1651.6802
-21.066666666677122,140.74166666636427,1714.6356
-21.066666666677122,140.74583333303093,1666.0037
-21.066666666677122,140.7499999996976,1361.416
-21.066666666677122,140.75416666636426,370.2821
-21.066666666677122,140.75833333303092,-843.4942
-21.066666666677122,140.7624999996976,-2047.3141
-21.066666666677122,140.76666666636427,-2989.255
-21.066666666677122,140.77083333303094,-3090.2517
-21.066666666677122,140.77499999969763,-2891.972
-21.066666666677122,140.7791666663643,-2572.116
-21.066666666677122,140.78333333303095,-2264.6743
-21.066666666677122,140.78749999969762,-2023.2551
-21.066666666677122,140.79166666636428,-1701.4576
-21.066666666677122,140.79583333303097,-1449.715
-21.066666666677122,140.79999999969763,-1257.7241
-21.066666666677122,140.8041666663643,-1117.7253
-21.066666666677122,140.808333333031,-1296.9993
-21.070833333343792,140.53333333303075,-1640.043
-21.070833333343792,140.53749999969742,-1570.2018
-21.070833333343792,140.5416666663641,-1505.8253
-21.070833333343792,140.54583333303077,-1461.4865
-21.070833333343792,140.54999999969743,-1425.156
-21.070833333343792,140.5541666663641,-1396.8551
-21.070833333343792,140.55833333303076,-1325.5295
-21.070833333343792,140.56249999969745,-1235.7726
-21.070833333343792,140.5666666663641,-1080.2748
-21.070833333343792,140.57083333303078,-845.4368
-21.070833333343792,140.57499999969747,-428.50323
-21.070833333343792,140.57916666636413,-673.29926
-21.070833333343792,140.5833333330308,-705.3322
-21.070833333343792,140.58749999969746,-622.2163
-21.070833333343792,140.59166666636412,-456.29898
-21.070833333343792,140.5958333330308,-304.54684
-21.070833333343792,140.59999999969747,-39.424828
-21.070833333343792,140.60416666636414,183.0808
-21.070833333343792,140.60833333303083,450.64642
-21.070833333343792,140.6124999996975,810.70245
-21.070833333343792,140.61666666636415,1390.6377
-21.070833333343792,140.62083333303082,1100.7826
-21.070833333343792,140.62499999969748,977.06964
-21.070833333343792,140.62916666636417,877.5422
-21.070833333343792,140.63333333303083,652.93146
-21.070833333343792,140.6374999996975,1574.6869
-21.070833333343792,140.6416666663642,2349.9202
-21.070833333343792,140.64583333303085,3072.541
-21.070833333343792,140.6499999996975,3880.852
-21.070833333343792,140.65416666636418,2916.05
-21.070833333343792,140.65833333303084,2088.303
-21.070833333343792,140.66249999969753,1253.6597
-21.070833333343792,140.6666666663642,336.21423
-21.070833333343792,140.67083333303086,-697.0102
-21.070833333343792,140.67499999969755,-2005.1691
-21.070833333343792,140.6791666663642,-842.9339
-21.070833333343792,140.68333333303087,168.78801
-21.070833333343792,140.68749999969754,1255.6221
-21.070833333343792,140.6916666663642,2572.8284
-21.070833333343792,140.6958333330309,2399.556
-21.070833333343792,140.69999999969755,2553.1294
-21.070833333343792,140.70416666636422,2918.1853
-21.070833333343792,140.7083333330309,3425.143
-21.070833333343792,140.71249999969757,4082.5403
-21.070833333343792,140.71666666636423,3228.6553
-21.070833333343792,140.7208333330309,2527.0464
-21.070833333343792,140.72499999969756,1931.1407
-21.070833333343792,140.72916666636425,1478.2112
-21.070833333343792,140.7333333330309,1556.9291
-21.070833333343792,140.73749999969758,1738.9497
-21.070833333343792,140.74166666636427,1985.61
-21.070833333343792,140.74583333303093,2185.4521
-21.070833333343792,140.7499999996976,2326.144
-21.070833333343792,140.75416666636426,1023.5929
-21.070833333343792,140.75833333303092,-351.9683
-21.070833333343792,140.7624999996976,-1747.5208
-21.070833333343792,140.76666666636427,-3131.0195
-21.070833333343792,140.77083333303094,-2865.1868
-21.070833333343792,140.77499999969763,-2577.0337
-21.070833333343792,140.7791666663643,-2265.601
-21.070833333343792,140.78333333303095,-2051.418
-21.070833333343792,140.78749999969762,-2029.8633
-21.070833333343792,140.79166666636428,-1604.6161
-21.070833333343792,140.79583333303097,-1339.8367
-21.070833333343792,140.79999999969763,-1125.0757
-21.070833333343792,140.8041666663643,-788.3748
-21.070833333343792,140.808333333031,-1321.1005
-21.075000000010462,140.53333333303075,-1406.0793
-21.075000000010462,140.53749999969742,-1316.8783
-21.075000000010462,140.5416666663641,-1231.6016
-21.075000000010462,140.54583333303077,-1157.8217
-21.075000000010462,140.54999999969743,-1095.1577
-21.075000000010462,140.5541666663641,-1047.75
-21.075000000010462,140.55833333303076,-1013.2609
-21.075000000010462,140.56249999969745,-1012.415
-21.075000000010462,140.5666666663641,-1003.5216
-21.075000000010462,140.57083333303078,-955.5363
-21.075000000010462,140.57499999969747,-841.76624
-21.075000000010462,140.57916666636413,-868.37177
-21.075000000010462,140.5833333330308,-804.74176
-21.075000000010462,140.58749999969746,-663.5923
-21.075000000010462,140.59166666636412,-471.39227
-21.075000000010462,140.5958333330308,-274.64783
-21.075000000010462,140.59999999969747,-53.148952
-21.075000000010462,140.60416666636414,143.50925
-21.075000000010462,140.60833333303083,341.92038
-21.075000000010462,140.6124999996975,557.29626
-21.075000000010462,140.61666666636415,792.8611
-21.075000000010462,140.62083333303082,747.7307
-21.075000000010462,140.62499999969748,716.30066
-21.075000000010462,140.62916666636417,730.5223
-21.075000000010462,140.63333333303083,834.41754
-21.075000000010462,140.6374999996975,1408.2249
-21.075000000010462,140.6416666663642,2044.5419
-21.075000000010462,140.64583333303085,2629.318
-21.075000000010462,140.6499999996975,3024.7888
-21.075000000010462,140.65416666636418,2641.8748
-21.075000000010462,140.65833333303084,2061.2358
-21.075000000010462,140.66249999969753,1381.2792
-21.075000000010462,140.6666666663642,629.23395
-21.075000000010462,140.67083333303086,-137.2126
-21.075000000010462,140.67499999969755,-770.58594
-21.075000000010462,140.6791666663642,-364.01083
-21.075000000010462,140.68333333303087,300.79895
-21.075000000010462,140.68749999969754,1089.5735
-21.075000000010462,140.6916666663642,1883.4792
-21.075000000010462,140.6958333330309,2165.1907
-21.075000000010462,140.69999999969755,2484.3818
-21.075000000010462,140.70416666636422,2896.7668
-21.075000000010462,140.7083333330309,3320.1677
-21.075000000010462,140.71249999969757,3575.0925
-21.075000000010462,140.71666666636423,3097.8457
-21.075000000010462,140.7208333330309,2465.6907
-21.075000000010462,140.72499999969756,1878.3745
-21.075000000010462,140.72916666636425,1506.946
-21.075000000010462,140.7333333330309,1541.6991
-21.075000000010462,140.73749999969758,1791.0254
-21.075000000010462,140.74166666636427,2117.8096
-21.075000000010462,140.74583333303093,2346.1348
-21.075000000010462,140.7499999996976,2264.0657
-21.075000000010462,140.75416666636426,1370.2195
-21.075000000010462,140.75833333303092,179.76877
-21.075000000010462,140.7624999996976,-1028.5852
-21.075000000010462,140.76666666636427,-1988.4021
-21.075000000010462,140.77083333303094,-2117.7146
-21.075000000010462,140.77499999969763,-1953.6719
-21.075000000010462,140.7791666663643,-1670.7726
-21.075000000010462,140.78333333303095,-1424.792
-21.075000000010462,140.78749999969762,-1297.8049
-21.075000000010462,140.79166666636428,-1186.3184
-21.075000000010462,140.79583333303097,-1202.6711
-21.075000000010462,140.79999999969763,-1305.6248
-21.075000000010462,140.8041666663643,-1430.3436
-21.075000000010462,140.808333333031,-1780.2372
-21.079166666677132,140.53333333303075,-1201.3975
-21.079166666677132,140.53749999969742,-1076.6239
-21.079166666677132,140.5416666663641,-974.2754
-21.079166666677132,140.54583333303077,-875.92554
-21.079166666677132,140.54999999969743,-783.1514
-21.079166666677132,140.5541666663641,-713.6696
-21.079166666677132,140.55833333303076,-702.9086
-21.079166666677132,140.56249999969745,-829.25745
-21.079166666677132,140.5666666663641,-1009.48
-21.079166666677132,140.57083333303078,-1179.5829
-21.079166666677132,140.57499999969747,-1268.5507
-21.079166666677132,140.57916666636413,-1161.5236
-21.079166666677132,140.5833333330308,-959.62933
-21.079166666677132,140.58749999969746,-714.33234
-21.079166666677132,140.59166666636412,-466.22205
-21.079166666677132,140.5958333330308,-243.23083
-21.079166666677132,140.59999999969747,-74.2847
-21.079166666677132,140.60416666636414,47.527637
-21.079166666677132,140.60833333303083,129.70505
-21.079166666677132,140.6124999996975,189.81526
-21.079166666677132,140.61666666636415,245.6157
-21.079166666677132,140.62083333303082,338.7927
-21.079166666677132,140.62499999969748,454.39316
-21.079166666677132,140.62916666636417,606.9976
-21.079166666677132,140.63333333303083,836.4921
-21.079166666677132,140.6374999996975,1237.9242
-21.079166666677132,140.6416666663642,1702.9965
-21.079166666677132,140.64583333303085,2132.9802
-21.079166666677132,140.6499999996975,2393.16
-21.079166666677132,140.65416666636418,2249.9028
-21.079166666677132,140.65833333303084,1905.6885
-21.079166666677132,140.66249999969753,1460.0516
-21.079166666677132,140.6666666663642,962.68774
-21.079166666677132,140.67083333303086,461.3953
-21.079166666677132,140.67499999969755,-0.538524
-21.079166666677132,140.6791666663642,33.296368
-21.079166666677132,140.68333333303087,327.17697
-21.079166666677132,140.68749999969754,769.4812
-21.079166666677132,140.6916666663642,1262.7008
-21.079166666677132,140.6958333330309,1674.6036
-21.079166666677132,140.69999999969755,2121.371
-21.079166666677132,140.70416666636422,2613.0364
-21.079166666677132,140.7083333330309,3052.89
-21.079166666677132,140.71249999969757,3250.5913
-21.079166666677132,140.71666666636423,2857.7021
-21.079166666677132,140.7208333330309,2231.8508
-21.079166666677132,140.72499999969756,1609.4702
-21.079166666677132,140.72916666636425,1212.0966
-21.079166666677132,140.7333333330309,1357.5116
-21.079166666677132,140.73749999969758,1747.8325
-21.079166666677132,140.74166666636427,2209.5024
-21.079166666677132,140.74583333303093,2555.397
-21.079166666677132,140.7499999996976,2554.3828
-21.079166666677132,140.75416666636426,1767.1691
-21.079166666677132,140.75833333303092,673.2721
-21.079166666677132,140.7624999996976,-419.8605
-21.079166666677132,140.76666666636427,-1233.1758
-21.079166666677132,140.77083333303094,-1425.752
-21.079166666677132,140.77499999969763,-1275.1533
-21.079166666677132,140.7791666663643,-955.58124
-21.079166666677132,140.78333333303095,-625.28485
-21.079166666677132,140.78749999969762,-435.91006
-21.079166666677132,140.79166666636428,-616.9469
-21.079166666677132,140.79583333303097,-993.39996
-21.079166666677132,140.79999999969763,-1482.7778
-21.079166666677132,140.8041666663643,-1997.8041
-21.079166666677132,140.808333333031,-2462.571
-21.083333333343802,140.53333333303075,-1006.2554
-21.083333333343802,140.53749999969742,-840.3966
-21.083333333343802,140.5416666663641,-734.8963
-21.083333333343802,140.54583333303077,-618.20374
-21.083333333343802,140.54999999969743,-491.60693
-21.083333333343802,140.5541666663641,-383.05206
-21.083333333343802,140.55833333303076,-356.93594
-21.083333333343802,140.56249999969745,-637.68317
-21.083333333343802,140.5666666663641,-1026.083
-21.083333333343802,140.57083333303078,-1436.0764
-21.083333333343802,140.57499999969747,-1767.0375
-21.083333333343802,140.57916666636413,-1476.1984
-21.083333333343802,140.5833333330308,-1105.0785
-21.083333333343802,140.58749999969746,-733.0245
-21.083333333343802,140.59166666636412,-417.8167
-21.083333333343802,140.5958333330308,-166.654
-21.083333333343802,140.59999999969747,-58.819244
-21.083333333343802,140.60416666636414,-26.069183
-21.083333333343802,140.60833333303083,-74.99389
-21.083333333343802,140.6124999996975,-181.02591
-21.083333333343802,140.61666666636415,-305.14136
-21.083333333343802,140.62083333303082,-55.46653
-21.083333333343802,140.62499999969748,209.96169
-21.083333333343802,140.62916666636417,486.64423
-21.083333333343802,140.63333333303083,791.4563
-21.083333333343802,140.6374999996975,1056.6067
-21.083333333343802,140.6416666663642,1373.3639
-21.083333333343802,140.64583333303085,1683.4612
-21.083333333343802,140.6499999996975,1884.3335
-21.083333333343802,140.65416666636418,1882.7815
-21.083333333343802,140.65833333303084,1728.519
-21.083333333343802,140.66249999969753,1507.8337
-21.083333333343802,140.6666666663642,1264.0452
-21.083333333343802,140.67083333303086,1025.0481
-21.083333333343802,140.67499999969755,546.00183
-21.083333333343802,140.6791666663642,292.1096
-21.083333333343802,140.68333333303087,248.10239
-21.083333333343802,140.68749999969754,372.91345
-21.083333333343802,140.6916666663642,611.2713
-21.083333333343802,140.6958333330309,1080.6477
-21.083333333343802,140.69999999969755,1628.7758
-21.083333333343802,140.70416666636422,2222.5332
-21.083333333343802,140.7083333330309,2749.4236
-21.083333333343802,140.71249999969757,3039.7441
-21.083333333343802,140.71666666636423,2606.317
-21.083333333343802,140.7208333330309,1914.8502
-21.083333333343802,140.72499999969756,1185.5483
-21.083333333343802,140.72916666636425,641.35315
-21.083333333343802,140.7333333330309,1017.7686
-21.083333333343802,140.73749999969758,1597.4113
-21.083333333343802,140.74166666636427,2240.1538
-21.083333333343802,140.74583333303093,2767.267
-21.083333333343802,140.7499999996976,3006.8755
-21.083333333343802,140.75416666636426,2136.657
-21.083333333343802,140.75833333303092,1032.5797
-21.083333333343802,140.7624999996976,-28.745556
-21.083333333343802,140.76666666636427,-802.079
-21.083333333343802,140.77083333303094,-918.5744
-21.083333333343802,140.77499999969763,-707.43677
-21.083333333343802,140.7791666663643,-287.6458
-21.083333333343802,140.78333333303095,182.81894
-21.083333333343802,140.78749999969762,533.5152
-21.083333333343802,140.79166666636428,12.745298
-21.083333333343802,140.79583333303097,-719.55273
-21.083333333343802,140.79999999969763,-1598.6205
-21.083333333343802,140.8041666663643,-2503.4326
-21.083333333343802,140.808333333031,-3281.6787
-21.087500000010472,140.53333333303075,-810.90405
-21.087500000010472,140.53749999969742,-581.4772
-21.087500000010472,140.5416666663641,-526.1057
-21.087500000010472,140.54583333303077,-405.068
-21.087500000010472,140.54999999969743,-242.79874
-21.087500000010472,140.5541666663641,-63.79181
-21.087500000010472,140.55833333303076,120.17791
-21.087500000010472,140.56249999969745,-390.9741
-21.087500000010472,140.5666666663641,-968.0755
-21.087500000010472,140.57083333303078,-1622.3613
-21.087500000010472,140.57499999969747,-2469.0977
-21.087500000010472,140.57916666636413,-1709.9083
-21.087500000010472,140.5833333330308,-1154.3518
-21.087500000010472,140.58749999969746,-671.77496
-21.087500000010472,140.59166666636412,-298.52026
-21.087500000010472,140.5958333330308,24.669138
-21.087500000010472,140.59999999969747,41.236225
-21.087500000010472,140.60416666636414,2.8886108
-21.087500000010472,140.60833333303083,-153.86961
-21.087500000010472,140.6124999996975,-423.62125
-21.087500000010472,140.61666666636415,-937.31
-21.087500000010472,140.62083333303082,-353.13898
-21.087500000010472,140.62499999969748,29.456036
-21.087500000010472,140.62916666636417,376.0282
-21.087500000010472,140.63333333303083,774.71014
-21.087500000010472,140.6374999996975,862.2797
-21.087500000010472,140.6416666663642,1072.4574
-21.087500000010472,140.64583333303085,1329.0336
-21.087500000010472,140.6499999996975,1539.325
-21.087500000010472,140.65416666636418,1622.0144
-21.087500000010472,140.65833333303084,1577.8688
-21.087500000010472,140.66249999969753,1515.0508
-21.087500000010472,140.6666666663642,1484.6261
-21.087500000010472,140.67083333303086,1627.192
-21.087500000010472,140.67499999969755,851.03186
-21.087500000010472,140.6791666663642,374.0906
-21.087500000010472,140.68333333303087,77.94716
-21.087500000010472,140.68749999969754,-47.04836
-21.087500000010472,140.6916666663642,-103.13101
-21.087500000010472,140.6958333330309,481.34708
-21.087500000010472,140.69999999969755,1101.6204
-21.087500000010472,140.70416666636422,1791.2809
-21.087500000010472,140.7083333330309,2465.6252
-21.087500000010472,140.71249999969757,3137.153
-21.087500000010472,140.71666666636423,2415.531
-21.087500000010472,140.7208333330309,1614.2621
-21.087500000010472,140.72499999969756,718.2284
-21.087500000010472,140.72916666636425,-370.17926
-21.087500000010472,140.7333333330309,600.92413
-21.087500000010472,140.73749999969758,1371.8086
-21.087500000010472,140.74166666636427,2144.5676
-21.087500000010472,140.74583333303093,2873.1062
-21.087500000010472,140.7499999996976,3790.9414
-21.087500000010472,140.75416666636426,2348.1074
-21.087500000010472,140.75833333303092,1139.0051
-21.087500000010472,140.7624999996976,63.894974
-21.087500000010472,140.76666666636427,-847.6345
-21.087500000010472,140.77083333303094,-679.01013
-21.087500000010472,140.77499999969763,-363.26648
-21.087500000010472,140.7791666663643,166.9687
-21.087500000010472,140.78333333303095,829.7908
-21.087500000010472,140.78749999969762,1761.7487
-21.087500000010472,140.79166666636428,594.9332
-21.087500000010472,140.79583333303097,-412.5575
-21.087500000010472,140.79999999969763,-1555.4786
-21.087500000010472,140.8041666663643,-2811.1555
-21.087500000010472,140.808333333031,-4498.4316
-21.091666666677142,140.53333333303075,-692.0933
-21.091666666677142,140.53749999969742,-547.09265
-21.091666666677142,140.5416666663641,-437.161
-21.091666666677142,140.54583333303077,-288.73407
-21.091666666677142,140.54999999969743,-113.05433
-21.091666666677142,140.5541666663641,41.108616
-21.091666666677142,140.55833333303076,82.6797
-21.091666666677142,140.56249999969745,-232.02289
-21.091666666677142,140.5666666663641,-692.26227
-21.091666666677142,140.57083333303078,-1187.3004
-21.091666666677142,140.57499999969747,-1584.6226
-21.091666666677142,140.57916666636413,-1309.008
-21.091666666677142,140.5833333330308,-917.75616
-21.091666666677142,140.58749999969746,-508.84274
-21.091666666677142,140.59166666636412,-159.09102
-21.091666666677142,140.5958333330308,104.448265
-21.091666666677142,140.59999999969747,179.88654
-21.091666666677142,140.60416666636414,160.81674
-21.091666666677142,140.60833333303083,54.921432
-21.091666666677142,140.6124999996975,-112.54743
-21.091666666677142,140.61666666636415,-310.94354
-21.091666666677142,140.62083333303082,-147.05896
-21.091666666677142,140.62499999969748,12.158353
-21.091666666677142,140.62916666636417,169.26878
-21.091666666677142,140.63333333303083,355.84317
-21.091666666677142,140.6374999996975,511.1774
-21.091666666677142,140.6416666663642,745.1881
-21.091666666677142,140.64583333303085,1025.7982
-21.091666666677142,140.6499999996975,1278.4297
-21.091666666677142,140.65416666636418,1427.0455
-21.091666666677142,140.65833333303084,1427.7439
-21.091666666677142,140.66249999969753,1367.8344
-21.091666666677142,140.6666666663642,1285.0615
-21.091666666677142,140.67083333303086,1167.1733
-21.091666666677142,140.67499999969755,684.3108
-21.091666666677142,140.6791666663642,225.67143
-21.091666666677142,140.68333333303087,-136.52142
-21.091666666677142,140.68749999969754,-342.17255
-21.091666666677142,140.6916666663642,-350.145
-21.091666666677142,140.6958333330309,43.04286
-21.091666666677142,140.69999999969755,602.40436
-21.091666666677142,140.70416666636422,1234.705
-21.091666666677142,140.7083333330309,1815.3402
-21.091666666677142,140.71249999969757,2204.8635
-21.091666666677142,140.71666666636423,1953.1619
-21.091666666677142,140.7208333330309,1472.6285
-21.091666666677142,140.72499999969756,923.13837
-21.091666666677142,140.72916666636425,478.35483
-21.091666666677142,140.7333333330309,837.41724
-21.091666666677142,140.73749999969758,1279.4585
-21.091666666677142,140.74166666636427,1719.2008
-21.091666666677142,140.74583333303093,2069.6875
-21.091666666677142,140.7499999996976,2266.5437
-21.091666666677142,140.75416666636426,1581.6063
-21.091666666677142,140.75833333303092,800.3263
-21.091666666677142,140.7624999996976,89.65844
-21.091666666677142,140.76666666636427,-410.70566
-21.091666666677142,140.77083333303094,-411.12375
-21.091666666677142,140.77499999969763,-206.78976
-21.091666666677142,140.7791666663643,161.46541
-21.091666666677142,140.78333333303095,590.021
-21.091666666677142,140.78749999969762,934.3771
-21.091666666677142,140.79166666636428,438.16302
-21.091666666677142,140.79583333303097,-238.52002
-21.091666666677142,140.79999999969763,-1046.3074
-21.091666666677142,140.8041666663643,-1877.0656
-21.091666666677142,140.808333333031,-2599.564
-21.095833333343812,140.53333333303075,-603.21436
-21.095833333343812,140.53749999969742,-523.6111
-21.095833333343812,140.5416666663641,-404.36554
-21.095833333343812,140.54583333303077,-229.30463
-21.095833333343812,140.54999999969743,-23.974337
-21.095833333343812,140.5541666663641,152.05702
-21.095833333343812,140.55833333303076,208.3007
-21.095833333343812,140.56249999969745,8.5440855
-21.095833333343812,140.5666666663641,-321.03235
-21.095833333343812,140.57083333303078,-671.6473
-21.095833333343812,140.57499999969747,-915.13464
-21.095833333343812,140.57916666636413,-830.6923
-21.095833333343812,140.5833333330308,-594.2468
-21.095833333343812,140.58749999969746,-284.24622
-21.095833333343812,140.59166666636412,34.003403
-21.095833333343812,140.5958333330308,299.93103
-21.095833333343812,140.59999999969747,389.32712
-21.095833333343812,140.60416666636414,412.16287
-21.095833333343812,140.60833333303083,396.34268
-21.095833333343812,140.6124999996975,343.26913
-21.095833333343812,140.61666666636415,240.02023
-21.095833333343812,140.62083333303082,169.37607
-21.095833333343812,140.62499999969748,58.265068
-21.095833333343812,140.62916666636417,-40.994102
-21.095833333343812,140.63333333303083,-43.482426
-21.095833333343812,140.6374999996975,118.119484
-21.095833333343812,140.6416666663642,413.14664
-21.095833333343812,140.64583333303085,771.87256
-21.095833333343812,140.6499999996975,1109.4135
-21.095833333343812,140.65416666636418,1334.8131
-21.095833333343812,140.65833333303084,1303.1504
-21.095833333343812,140.66249999969753,1180.8846
-21.095833333343812,140.6666666663642,1019.7951
-21.095833333343812,140.67083333303086,800.6102
-21.095833333343812,140.67499999969755,398.91406
-21.095833333343812,140.6791666663642,-34.089005
-21.095833333343812,140.68333333303087,-428.65668
-21.095833333343812,140.68749999969754,-704.65
-21.095833333343812,140.6916666663642,-767.84924
-21.095833333343812,140.6958333330309,-421.57224
-21.095833333343812,140.69999999969755,107.01295
-21.095833333343812,140.70416666636422,692.7199
-21.095833333343812,140.7083333330309,1218.1812
-21.095833333343812,140.71249999969757,1572.2607
-21.095833333343812,140.71666666636423,1584.1509
-21.095833333343812,140.7208333330309,1413.7231
-21.095833333343812,140.72499999969756,1178.6458
-21.095833333343812,140.72916666636425,1006.513
-21.095833333343812,140.7333333330309,1112.2699
-21.095833333343812,140.73749999969758,1200.0477
-21.095833333343812,140.74166666636427,1211.0547
-21.095833333343812,140.74583333303093,1142.6132
-21.095833333343812,140.7499999996976,997.6034
-21.095833333343812,140.75416666636426,622.894
-21.095833333343812,140.75833333303092,230.69998
-21.095833333343812,140.7624999996976,-101.34665
-21.095833333343812,140.76666666636427,-310.04483
-21.095833333343812,140.77083333303094,-302.90756
-21.095833333343812,140.77499999969763,-216.51634
-21.095833333343812,140.7791666663643,-43.15979
-21.095833333343812,140.78333333303095,179.80466
-21.095833333343812,140.78749999969762,355.3171
-21.095833333343812,140.79166666636428,214.33081
-21.095833333343812,140.79583333303097,-47.95692
-21.095833333343812,140.79999999969763,-384.75446
-21.095833333343812,140.8041666663643,-744.9859
-21.095833333343812,140.808333333031,-1052.2125
-21.100000000010482,140.53333333303075,-569.5166
-21.100000000010482,140.53749999969742,-559.6518
-21.100000000010482,140.5416666663641,-425.25766
-21.100000000010482,140.54583333303077,-206.38828
-21.100000000010482,140.54999999969743,56.22318
-21.100000000010482,140.5541666663641,296.26932
-21.100000000010482,140.55833333303076,432.92972
-21.100000000010482,140.56249999969745,307.78854
-21.100000000010482,140.5666666663641,80.866356
-21.100000000010482,140.57083333303078,-159.33298
-21.100000000010482,140.57499999969747,-326.1338
-21.100000000010482,140.57916666636413,-371.841
-21.100000000010482,140.5833333330308,-281.86212
-21.100000000010482,140.58749999969746,-72.80765
-21.100000000010482,140.59166666636412,212.24187
-21.100000000010482,140.5958333330308,517.5814
-21.100000000010482,140.59999999969747,583.4972
-21.100000000010482,140.60416666636414,657.82837
-21.100000000010482,140.60833333303083,761.6057
-21.100000000010482,140.6124999996975,865.304
-21.100000000010482,140.61666666636415,867.7328
-21.100000000010482,140.62083333303082,564.921
-21.100000000010482,140.62499999969748,134.19954
-21.100000000010482,140.62916666636417,-295.75085
-21.100000000010482,140.63333333303083,-563.7712
-21.100000000010482,140.6374999996975,-344.80283
-21.100000000010482,140.6416666663642,59.921497
-21.100000000010482,140.64583333303085,535.3475
-21.100000000010482,140.6499999996975,982.5054
-21.100000000010482,140.65416666636418,1331.4279
-21.100000000010482,140.65833333303084,1188.4795
-21.100000000010482,140.66249999969753,971.0112
-21.100000000010482,140.6666666663642,728.871
-21.100000000010482,140.67083333303086,457.85608
-21.100000000010482,140.67499999969755,85.266014
-21.100000000010482,140.6791666663642,-341.1139
-21.100000000010482,140.68333333303087,-781.0142
-21.100000000010482,140.68749999969754,-1145.5477
-21.100000000010482,140.6916666663642,-1333.682
-21.100000000010482,140.6958333330309,-932.3848
-21.100000000010482,140.69999999969755,-379.0644
-21.100000000010482,140.70416666636422,204.0178
-21.100000000010482,140.7083333330309,711.6357
-21.100000000010482,140.71249999969757,1089.6052
-21.100000000010482,140.71666666636423,1303.2905
-21.100000000010482,140.7208333330309,1397.606
-21.100000000010482,140.72499999969756,1434.4426
-21.100000000010482,140.72916666636425,1461.9714
-21.100000000010482,140.7333333330309,1459.6
-21.100000000010482,140.73749999969758,1180.0083
-21.100000000010482,140.74166666636427,727.3116
-21.100000000010482,140.74583333303093,190.03967
-21.100000000010482,140.7499999996976,-303.82513
-21.100000000010482,140.75416666636426,-413.66815
-21.100000000010482,140.75833333303092,-422.24673
-21.100000000010482,140.7624999996976,-378.2465
-21.100000000010482,140.76666666636427,-296.12857
-21.100000000010482,140.77083333303094,-188.92053
-21.100000000010482,140.77499999969763,-261.35046
-21.100000000010482,140.7791666663643,-307.05722
-21.100000000010482,140.78333333303095,-280.45325
-21.100000000010482,140.78749999969762,-186.93279
-21.100000000010482,140.79166666636428,-16.621819
-21.100000000010482,140.79583333303097,161.69695
-21.100000000010482,140.79999999969763,329.31693
-21.100000000010482,140.8041666663643,468.58884
-21.100000000010482,140.808333333031,519.85626
-21.104166666677152,140.53333333303075,-611.7713
-21.104166666677152,140.53749999969742,-662.97906
-21.104166666677152,140.5416666663641,-490.08737
-21.104166666677152,140.54583333303077,-207.8132
-21.104166666677152,140.54999999969743,137.7854
-21.104166666677152,140.5541666663641,477.20593
-21.104166666677152,140.55833333303076,783.0177
-21.104166666677152,140.56249999969745,634.73004
-21.104166666677152,140.5666666663641,460.89722
-21.104166666677152,140.57083333303078,282.21524
-21.104166666677152,140.57499999969747,147.49324
-21.104166666677152,140.57916666636413,-9.444308
-21.104166666677152,140.5833333330308,-59.310425
-21.104166666677152,140.58749999969746,38.490894
-21.104166666677152,140.59166666636412,293.94418
-21.104166666677152,140.5958333330308,769.06555
-21.104166666677152,140.59999999969747,657.86176
-21.104166666677152,140.60416666636414,772.4645
-21.104166666677152,140.60833333303083,1031.1012
-21.104166666677152,140.6124999996975,1351.5256
-21.104166666677152,140.61666666636415,1557.171
-21.104166666677152,140.62083333303082,1003.81445
-21.104166666677152,140.62499999969748,245.89429
-21.104166666677152,140.62916666636417,-552.8278
-21.104166666677152,140.63333333303083,-1212.765
-21.104166666677152,140.6374999996975,-826.14545
-21.104166666677152,140.6416666663642,-294.26297
-21.104166666677152,140.64583333303085,287.71268
-21.104166666677152,140.6499999996975,846.5191
-21.104166666677152,140.65416666636418,1513.4503
-21.104166666677152,140.65833333303084,1022.7419
-21.104166666677152,140.66249999969753,689.11066
-21.104166666677152,140.6666666663642,398.5101
-21.104166666677152,140.67083333303086,132.66559
-21.104166666677152,140.67499999969755,-237.4367
-21.104166666677152,140.6791666663642,-656.6683
-21.104166666677152,140.68333333303087,-1141.9515
-21.104166666677152,140.68749999969754,-1624.7783
-21.104166666677152,140.6916666663642,-2156.197
-21.104166666677152,140.6958333330309,-1451.5182
-21.104166666677152,140.69999999969755,-816.4242
-21.104166666677152,140.70416666636422,-206.93146
-21.104166666677152,140.7083333330309,309.6966
-21.104166666677152,140.71249999969757,736.6691
-21.104166666677152,140.71666666636423,1095.1014
-21.104166666677152,140.7208333330309,1387.0276
-21.104166666677152,140.72499999969756,1639.0939
-21.104166666677152,140.72916666636425,1839.196
-21.104166666677152,140.7333333330309,1894.1482
-21.104166666677152,140.73749999969758,1267.9728
-21.104166666677152,140.74166666636427,378.72504
-21.104166666677152,140.74583333303093,-625.3709
-21.104166666677152,140.7499999996976,-1554.0802
-21.104166666677152,140.75416666636426,-1342.1512
-21.104166666677152,140.75833333303092,-1003.38104
-21.104166666677152,140.7624999996976,-630.939
-21.104166666677152,140.76666666636427,-290.45532
-21.104166666677152,140.77083333303094,14.50536
-21.104166666677152,140.77499999969763,-285.91
-21.104166666677152,140.7791666663643,-561.3567
-21.104166666677152,140.78333333303095,-711.3966
-21.104166666677152,140.78749999969762,-676.90295
-21.104166666677152,140.79166666636428,-220.09052
-21.104166666677152,140.79583333303097,361.67337
-21.104166666677152,140.79999999969763,1013.65607
-21.104166666677152,140.8041666663643,1633.1399
-21.104166666677152,140.808333333031,2075.408
-21.108333333343822,140.53333333303075,-760.67883
-21.108333333343822,140.53749999969742,-900.8867
-21.108333333343822,140.5416666663641,-605.131
-21.108333333343822,140.54583333303077,-233.06526
-21.108333333343822,140.54999999969743,188.73007
-21.108333333343822,140.5541666663641,574.2596
-21.108333333343822,140.55833333303076,851.64716
-21.108333333343822,140.56249999969745,855.10864
-21.108333333343822,140.5666666663641,761.3127
-21.108333333343822,140.57083333303078,639.50366
-21.108333333343822,140.57499999969747,583.9091
-21.108333333343822,140.57916666636413,232.44162
-21.108333333343822,140.5833333330308,12.0671835
-21.108333333343822,140.58749999969746,-83.72229
-21.108333333343822,140.59166666636412,-31.969925
-21.108333333343822,140.5958333330308,156.7478
-21.108333333343822,140.59999999969747,286.86282
-21.108333333343822,140.60416666636414,578.81366
-21.108333333343822,140.60833333303083,1068.0121
-21.108333333343822,140.6124999996975,1696.8997
-21.108333333343822,140.61666666636415,2515.6418
-21.108333333343822,140.62083333303082,1470.3651
-21.108333333343822,140.62499999969748,443.94083
-21.108333333343822,140.62916666636417,-705.3573
-21.108333333343822,140.63333333303083,-2195.1008
-21.108333333343822,140.6374999996975,-1186.9569
-21.108333333343822,140.6416666663642,-553.0203
-21.108333333343822,140.64583333303085,-50.727722
-21.108333333343822,140.6499999996975,303.43384
-21.108333333343822,140.65416666636418,569.6233
-21.108333333343822,140.65833333303084,386.19843
-21.108333333343822,140.66249999969753,177.7303
-21.108333333343822,140.6666666663642,-24.0243
-21.108333333343822,140.67083333303086,-205.04198
-21.108333333343822,140.67499999969755,-543.36176
-21.108333333343822,140.6791666663642,-930.56354
-21.108333333343822,140.68333333303087,-1355.857
-21.108333333343822,140.68749999969754,-1729.7825
-21.108333333343822,140.6916666663642,-1947.0422
-21.108333333343822,140.6958333330309,-1588.7437
-21.108333333343822,140.69999999969755,-1070.9899
-21.108333333343822,140.70416666636422,-513.32245
-21.108333333343822,140.7083333330309,-1.1477895
-21.108333333343822,140.71249999969757,428.74814
-21.108333333343822,140.71666666636423,917.8578
-21.108333333343822,140.7208333330309,1345.8192
-21.108333333343822,140.72499999969756,1768.2047
-21.108333333343822,140.72916666636425,2176.7898
-21.108333333343822,140.7333333330309,2623.0994
-21.108333333343822,140.73749999969758,1509.9028
-21.108333333343822,140.74166666636427,278.8228
-21.108333333343822,140.74583333303093,-1160.7655
-21.108333333343822,140.7499999996976,-3061.98
-21.108333333343822,140.75416666636426,-1987.7937
-21.108333333343822,140.75833333303092,-1346.3387
-21.108333333343822,140.7624999996976,-780.5743
-21.108333333343822,140.76666666636427,-260.7095
-21.108333333343822,140.77083333303094,516.49896
-21.108333333343822,140.77499999969763,-334.9204
-21.108333333343822,140.7791666663643,-843.2429
-21.108333333343822,140.78333333303095,-1150.9675
-21.108333333343822,140.78749999969762,-1323.6414
-21.108333333343822,140.79166666636428,-443.08258
-21.108333333343822,140.79583333303097,493.10782
-21.108333333343822,140.79999999969763,1559.2954
-21.108333333343822,140.8041666663643,2669.9138
-21.108333333343822,140.808333333031,3977.5808
-21.112500000010492,140.53333333303075,-903.49585
-21.112500000010492,140.53749999969742,-951.10474
-21.112500000010492,140.5416666663641,-677.79
-21.112500000010492,140.54583333303077,-242.58884
-21.112500000010492,140.54999999969743,259.2078
-21.112500000010492,140.5541666663641,718.4566
-21.112500000010492,140.55833333303076,1032.4728
-21.112500000010492,140.56249999969745,1085.6405
-21.112500000010492,140.5666666663641,985.9815
-21.112500000010492,140.57083333303078,806.9994
-21.112500000010492,140.57499999969747,588.91254
-21.112500000010492,140.57916666636413,248.51178
-21.112500000010492,140.5833333330308,-84.16559
-21.112500000010492,140.58749999969746,-363.64175
-21.112500000010492,140.59166666636412,-526.2596
-21.112500000010492,140.5958333330308,-511.33362
-21.112500000010492,140.59999999969747,-303.5235
-21.112500000010492,140.60416666636414,113.07869
-21.112500000010492,140.60833333303083,689.5469
-21.112500000010492,140.6124999996975,1302.0803
-21.112500000010492,140.61666666636415,1772.2933
-21.112500000010492,140.62083333303082,1424.6292
-21.112500000010492,140.62499999969748,826.2926
-21.112500000010492,140.62916666636417,106.87878
-21.112500000010492,140.63333333303083,-604.5255
-21.112500000010492,140.6374999996975,-490.84744
-21.112500000010492,140.6416666663642,-354.5894
-21.112500000010492,140.64583333303085,-256.06424
-21.112500000010492,140.6499999996975,-219.02576
-21.112500000010492,140.65416666636418,-217.48256
-21.112500000010492,140.65833333303084,-330.27548
-21.112500000010492,140.66249999969753,-436.67715
-21.112500000010492,140.6666666663642,-532.16534
-21.112500000010492,140.67083333303086,-647.62976
-21.112500000010492,140.67499999969755,-871.7099
-21.112500000010492,140.6791666663642,-1191.3241
-21.112500000010492,140.68333333303087,-1546.5007
-21.112500000010492,140.68749999969754,-1839.8307
-21.112500000010492,140.6916666663642,-1955.8156
-21.112500000010492,140.6958333330309,-1719.6887
-21.112500000010492,140.69999999969755,-1271.8136
-21.112500000010492,140.70416666636422,-735.45435
-21.112500000010492,140.7083333330309,-196.83185
-21.112500000010492,140.71249999969757,303.964
-21.112500000010492,140.71666666636423,794.22473
-21.112500000010492,140.7208333330309,1248.7727
-21.112500000010492,140.72499999969756,1672.6344
-21.112500000010492,140.72916666636425,2006.0939
-21.112500000010492,140.7333333330309,2121.482
-21.112500000010492,140.73749999969758,1509.6677
-21.112500000010492,140.74166666636427,619.97974
-21.112500000010492,140.74583333303093,-399.4237
-21.112500000010492,140.7499999996976,-1376.3634
-21.112500000010492,140.75416666636426,-1290.2007
-21.112500000010492,140.75833333303092,-1115.3091
-21.112500000010492,140.7624999996976,-930.4587
-21.112500000010492,140.76666666636427,-782.22516
-21.112500000010492,140.77083333303094,-645.46124
-21.112500000010492,140.77499999969763,-1009.12146
-21.112500000010492,140.7791666663643,-1295.394
-21.112500000010492,140.78333333303095,-1402.6707
-21.112500000010492,140.78749999969762,-1226.8317
-21.112500000010492,140.79166666636428,-460.34946
-21.112500000010492,140.79583333303097,548.64374
-21.112500000010492,140.79999999969763,1673.8407
-21.112500000010492,140.8041666663643,2705.7947
-21.112500000010492,140.808333333031,3381.0906
-21.116666666677162,140.53333333303075,-1133.9711
-21.116666666677162,140.53749999969742,-1186.9135
-21.116666666677162,140.5416666663641,-833.9479
-21.116666666677162,140.54583333303077,-282.9723
-21.116666666677162,140.54999999969743,345.49588
-21.116666666677162,140.5541666663641,930.2557
-21.116666666677162,140.55833333303076,1343.7479
-21.116666666677162,140.56249999969745,1369.7533
-21.116666666677162,140.5666666663641,1206.6465
-21.116666666677162,140.57083333303078,942.5358
-21.116666666677162,140.57499999969747,613.0912
-21.116666666677162,140.57916666636413,213.11252
-21.116666666677162,140.5833333330308,-244.77791
-21.116666666677162,140.58749999969746,-726.7092
-21.116666666677162,140.59166666636412,-1143.3289
-21.116666666677162,140.5958333330308,-1350.8138
-21.116666666677162,140.59999999969747,-1044.2257
-21.116666666677162,140.60416666636414,-492.83478
-21.116666666677162,140.60833333303083,172.48273
-21.116666666677162,140.6124999996975,820.24615
-21.116666666677162,140.61666666636415,1317.1594
-21.116666666677162,140.62083333303082,1399.2375
-21.116666666677162,140.62499999969748,1280.2805
-21.116666666677162,140.62916666636417,1052.2915
-21.116666666677162,140.63333333303083,762.37885
-21.116666666677162,140.6374999996975,400.04755
-21.116666666677162,140.6416666663642,15.376002
-21.116666666677162,140.64583333303085,-369.08145
-21.116666666677162,140.6499999996975,-720.98785
-21.116666666677162,140.65416666636418,-998.30115
-21.116666666677162,140.65833333303084,-1074.4265
-21.116666666677162,140.66249999969753,-1071.5886
-21.116666666677162,140.6666666663642,-1038.6014
-21.116666666677162,140.67083333303086,-1035.0957
-21.116666666677162,140.67499999969755,-1130.222
-21.116666666677162,140.6791666663642,-1418.8102
-21.116666666677162,140.68333333303087,-1746.4135
-21.116666666677162,140.68749999969754,-2006.2682
-21.116666666677162,140.6916666663642,-2095.184
-21.116666666677162,140.6958333330309,-1932.6456
-21.116666666677162,140.69999999969755,-1483.7001
-21.116666666677162,140.70416666636422,-917.89484
-21.116666666677162,140.7083333330309,-331.85318
-21.116666666677162,140.71249999969757,216.41235
-21.116666666677162,140.71666666636423,695.9911
-21.116666666677162,140.7208333330309,1132.7866
-21.116666666677162,140.72499999969756,1530.4661
-21.116666666677162,140.72916666636425,1834.4636
-21.116666666677162,140.7333333330309,1913.1216
-21.116666666677162,140.73749999969758,1618.7194
-21.116666666677162,140.74166666636427,1139.2916
-21.116666666677162,140.74583333303093,582.4225
-21.116666666677162,140.7499999996976,47.703407
-21.116666666677162,140.75416666636426,-330.1456
-21.116666666677162,140.75833333303092,-656.4513
-21.116666666677162,140.7624999996976,-981.8225
-21.116666666677162,140.76666666636427,-1311.7811
-21.116666666677162,140.77083333303094,-1612.8467
-21.116666666677162,140.77499999969763,-1766.2145
-21.116666666677162,140.7791666663643,-1829.2421
-21.116666666677162,140.78333333303095,-1752.117
-21.116666666677162,140.78749999969762,-1426.3646
-21.116666666677162,140.79166666636428,-596.9083
-21.116666666677162,140.79583333303097,476.6992
-21.116666666677162,140.79999999969763,1637.0287
-21.116666666677162,140.8041666663643,2658.7732
-21.116666666677162,140.808333333031,3240.9978
-21.120833333343832,140.53333333303075,-1414.4813
-21.120833333343832,140.53749999969742,-1570.073
-21.120833333343832,140.5416666663641,-1071.1945
-21.120833333343832,140.54583333303077,-374.4812
-21.120833333343832,140.54999999969743,416.28894
-21.120833333343832,140.5541666663641,1170.1843
-21.120833333343832,140.55833333303076,1778.7745
-21.120833333343832,140.56249999969745,1684.3738
-21.120833333343832,140.5666666663641,1423.7631
-21.120833333343832,140.57083333303078,1065.5553
-21.120833333343832,140.57499999969747,629.5918
-21.120833333343832,140.57916666636413,197.6656
-21.120833333343832,140.5833333330308,-368.53928
-21.120833333343832,140.58749999969746,-1060.9985
-21.120833333343832,140.59166666636412,-1760.516
-21.120833333343832,140.5958333330308,-2291.6667
-21.120833333343832,140.59999999969747,-1789.3741
-21.120833333343832,140.60416666636414,-1080.8182
-21.120833333343832,140.60833333303083,-312.50085
-21.120833333343832,140.6124999996975,380.10284
-21.120833333343832,140.61666666636415,973.44763
-21.120833333343832,140.62083333303082,1373.5876
-21.120833333343832,140.62499999969748,1690.8706
-21.120833333343832,140.62916666636417,1943.1753
-21.120833333343832,140.63333333303083,2104.1846
-21.120833333343832,140.6374999996975,1269.3148
-21.120833333343832,140.6416666663642,383.47806
-21.120833333343832,140.64583333303085,-470.2336
-21.120833333343832,140.6499999996975,-1198.4227
-21.120833333343832,140.65416666636418,-1775.086
-21.120833333343832,140.65833333303084,-1779.6165
-21.120833333343832,140.66249999969753,-1663.498
-21.120833333343832,140.6666666663642,-1492.28
-21.120833333343832,140.67083333303086,-1354.6765
-21.120833333343832,140.67499999969755,-1295.0659
-21.120833333343832,140.6791666663642,-1619.9744
-21.120833333343832,140.68333333303087,-1965.8011
-21.120833333343832,140.68749999969754,-2245.657
-21.120833333343832,140.6916666663642,-2360.2856
-21.120833333343832,140.6958333330309,-2262.1194
-21.120833333343832,140.69999999969755,-1722.3901
-21.120833333343832,140.70416666636422,-1075.1041
-21.120833333343832,140.7083333330309,-412.75272
-21.120833333343832,140.71249999969757,190.67615
-21.120833333343832,140.71666666636423,628.67926
-21.120833333343832,140.7208333330309,1016.3218
-21.120833333343832,140.72499999969756,1380.7563
-21.120833333343832,140.72916666636425,1686.8811
-21.120833333343832,140.7333333330309,1783.042
-21.120833333343832,140.73749999969758,1735.8944
-21.120833333343832,140.74166666636427,1644.1145
-21.120833333343832,140.74583333303093,1541.3345
-21.120833333343832,140.7499999996976,1437.064
-21.120833333343832,140.75416666636426,660.90063
-21.120833333343832,140.75833333303092,-123.376236
-21.120833333343832,140.7624999996976,-943.7514
-21.120833333343832,140.76666666636427,-1760.4291
-21.120833333343832,140.77083333303094,-2546.7812
-21.120833333343832,140.77499999969763,-2452.743
-21.120833333343832,140.7791666663643,-2316.2305
-21.120833333343832,140.78333333303095,-2117.822
-21.120833333343832,140.78749999969762,-1778.6648
-21.120833333343832,140.79166666636428,-835.6481
-21.120833333343832,140.79583333303097,301.57404
-21.120833333343832,140.79999999969763,1525.8008
-21.120833333343832,140.8041666663643,2609.9023
-21.120833333343832,140.808333333031,3320.208
-21.125000000010502,140.53333333303075,-1684.6504
-21.125000000010502,140.53749999969742,-2214.4768
-21.125000000010502,140.5416666663641,-1355.5867
-21.125000000010502,140.54583333303077,-514.12366
-21.125000000010502,140.54999999969743,412.3064
-21.125000000010502,140.5541666663641,1342.8813
-21.125000000010502,140.55833333303076,2427.1067
-21.125000000010502,140.56249999969745,1937.3142
-21.125000000010502,140.5666666663641,1587.1089
-21.125000000010502,140.57083333303078,1211.8662
-21.125000000010502,140.57499999969747,816.3954
-21.125000000010502,140.57916666636413,308.98355
-21.125000000010502,140.5833333330308,-339.36646
-21.125000000010502,140.58749999969746,-1215.8375
-21.125000000010502,140.59166666636412,-2229.032
-21.125000000010502,140.5958333330308,-3529.7615
-21.125000000010502,140.59999999969747,-2378.7405
-21.125000000010502,140.60416666636414,-1478.9318
-21.125000000010502,140.60833333303083,-637.541
-21.125000000010502,140.6124999996975,48.264454
-21.125000000010502,140.61666666636415,726.60474
-21.125000000010502,140.62083333303082,1278.2875
-21.125000000010502,140.62499999969748,1887.0726
-21.125000000010502,140.62916666636417,2561.6326
-21.125000000010502,140.63333333303083,3623.969
-21.125000000010502,140.6374999996975,1883.5138
-21.125000000010502,140.6416666663642,560.3044
-21.125000000010502,140.64583333303085,-646.7397
-21.125000000010502,140.6499999996975,-1679.1284
-21.125000000010502,140.65416666636418,-2739.6562
-21.125000000010502,140.65833333303084,-2412.0574
-21.125000000010502,140.66249999969753,-2164.6848
-21.125000000010502,140.6666666663642,-1878.1919
-21.125000000010502,140.67083333303086,-1618.1493
-21.125000000010502,140.67499999969755,-1254.9192
-21.125000000010502,140.6791666663642,-1811.8718
-21.125000000010502,140.68333333303087,-2208.0146
-21.125000000010502,140.68749999969754,-2516.061
-21.125000000010502,140.6916666663642,-2669.34
-21.125000000010502,140.6958333330309,-2766.1057
-21.125000000010502,140.69999999969755,-1964.0626
-21.125000000010502,140.70416666636422,-1195.3805
-21.125000000010502,140.7083333330309,-441.1064
-21.125000000010502,140.71249999969757,264.48935
-21.125000000010502,140.71666666636423,576.5905
-21.125000000010502,140.7208333330309,878.41315
-21.125000000010502,140.72499999969756,1200.2921
-21.125000000010502,140.72916666636425,1574.1562
-21.125000000010502,140.7333333330309,1632.8901
-21.125000000010502,140.73749999969758,1729.1484
-21.125000000010502,140.74166666636427,1932.8011
-21.125000000010502,140.74583333303093,2242.6257
-21.125000000010502,140.7499999996976,2901.515
-21.125000000010502,140.75416666636426,1482.7603
-21.125000000010502,140.75833333303092,379.28198
-21.125000000010502,140.7624999996976,-764.3478
-21.125000000010502,140.76666666636427,-1967.9736
-21.125000000010502,140.77083333303094,-3609.9937
-21.125000000010502,140.77499999969763,-2830.5803
-21.125000000010502,140.7791666663643,-2525.302
-21.125000000010502,140.78333333303095,-2347.497
-21.125000000010502,140.78749999969762,-2332.318
-21.125000000010502,140.79166666636428,-1122.6063
-21.125000000010502,140.79583333303097,53.883682
-21.125000000010502,140.79999999969763,1320.398
-21.125000000010502,140.8041666663643,2534.1194
-21.125000000010502,140.808333333031,3840.2266
-21.129166666677172,140.53333333303075,-1525.561
-21.129166666677172,140.53749999969742,-1750.7386
-21.129166666677172,140.5416666663641,-1277.2096
-21.129166666677172,140.54583333303077,-590.28876
-21.129166666677172,140.54999999969743,189.83734
-21.129166666677172,140.5541666663641,938.61017
-21.129166666677172,140.55833333303076,1580.503
-21.129166666677172,140.56249999969745,1592.8727
-21.129166666677172,140.5666666663641,1484.9824
-21.129166666677172,140.57083333303078,1287.3158
-21.129166666677172,140.57499999969747,994.0418
-21.129166666677172,140.57916666636413,531.80896
-21.129166666677172,140.5833333330308,-100.184814
-21.129166666677172,140.58749999969746,-894.2765
-21.129166666677172,140.59166666636412,-1713.3098
-21.129166666677172,140.5958333330308,-2366.5364
-21.129166666677172,140.59999999969747,-1973.688
-21.129166666677172,140.60416666636414,-1372.1818
-21.129166666677172,140.60833333303083,-709.28625
-21.129166666677172,140.6124999996975,-96.68542
-21.129166666677172,140.61666666636415,487.55023
-21.129166666677172,140.62083333303082,1006.644
-21.129166666677172,140.62499999969748,1513.5586
-21.129166666677172,140.62916666636417,1949.1555
-21.129166666677172,140.63333333303083,2199.9104
-21.129166666677172,140.6374999996975,1284.4779
-21.129166666677172,140.6416666663642,213.40305
-21.129166666677172,140.64583333303085,-863.74725
-21.129166666677172,140.6499999996975,-1798.6486
-21.129166666677172,140.65416666636418,-2519.0818
-21.129166666677172,140.65833333303084,-2568.7793
-21.129166666677172,140.66249999969753,-2449.1433
-21.129166666677172,140.6666666663642,-2265.9587
-21.129166666677172,140.67083333303086,-2114.7192
-21.129166666677172,140.67499999969755,-2024.6166
-21.129166666677172,140.6791666663642,-2287.0393
-21.129166666677172,140.68333333303087,-2548.8367
-21.129166666677172,140.68749999969754,-2735.4248
-21.129166666677172,140.6916666663642,-2760.0884
-21.129166666677172,140.6958333330309,-2575.5442
-21.129166666677172,140.69999999969755,-1952.4552
-21.129166666677172,140.70416666636422,-1225.4066
-21.129166666677172,140.7083333330309,-510.3885
-21.129166666677172,140.71249999969757,84.90924
-21.129166666677172,140.71666666636423,415.82947
-21.129166666677172,140.7208333330309,634.41156
-21.129166666677172,140.72499999969756,824.91754
-21.129166666677172,140.72916666636425,1038.8309
-21.129166666677172,140.7333333330309,1220.4598
-21.129166666677172,140.73749999969758,1443.7052
-21.129166666677172,140.74166666636427,1712.6355
-21.129166666677172,140.74583333303093,1968.3923
-21.129166666677172,140.7499999996976,2128.6016
-21.129166666677172,140.75416666636426,1449.1282
-21.129166666677172,140.75833333303092,661.01196
-21.129166666677172,140.7624999996976,-202.49437
-21.129166666677172,140.76666666636427,-1081.0299
-21.129166666677172,140.77083333303094,-1948.4696
-21.129166666677172,140.77499999969763,-1969.371
-21.129166666677172,140.7791666663643,-1977.8794
-21.129166666677172,140.78333333303095,-1953.3934
-21.129166666677172,140.78749999969762,-1805.847
-21.129166666677172,140.79166666636428,-1072.7083
-21.129166666677172,140.79583333303097,-166.52916
-21.129166666677172,140.79999999969763,808.31177
-21.129166666677172,140.8041666663643,1677.7521
-21.129166666677172,140.808333333031,2288.0464
-21.133333333343842,140.53333333303075,-1375.9404
-21.133333333343842,140.53749999969742,-1565.302
-21.133333333343842,140.5416666663641,-1230.1035
-21.133333333343842,140.54583333303077,-679.6279
-21.133333333343842,140.54999999969743,-75.094246
-21.133333333343842,140.5541666663641,478.1812
-21.133333333343842,140.55833333303076,920.6928
-21.133333333343842,140.56249999969745,1165.578
-21.133333333343842,140.5666666663641,1300.1425
-21.133333333343842,140.57083333303078,1333.1022
-21.133333333343842,140.57499999969747,1220.2819
-21.133333333343842,140.57916666636413,817.2485
-21.133333333343842,140.5833333330308,243.52982
-21.133333333343842,140.58749999969746,-428.93713
-21.133333333343842,140.59166666636412,-1074.1536
-21.133333333343842,140.5958333330308,-1513.6631
-21.133333333343842,140.59999999969747,-1420.4216
-21.133333333343842,140.60416666636414,-1078.7244
-21.133333333343842,140.60833333303083,-628.02344
-21.133333333343842,140.6124999996975,-163.37386
-21.133333333343842,140.61666666636415,280.6313
-21.133333333343842,140.62083333303082,647.3621
-21.133333333343842,140.62499999969748,949.7471
-21.133333333343842,140.62916666636417,1131.924
-21.133333333343842,140.63333333303083,1074.1744
-21.133333333343842,140.6374999996975,484.32718
-21.133333333343842,140.6416666663642,-319.26212
-21.133333333343842,140.64583333303085,-1181.5164
-21.133333333343842,140.6499999996975,-1968.3438
-21.133333333343842,140.65416666636418,-2552.4033
-21.133333333343842,140.65833333303084,-2680.563
-21.133333333343842,140.66249999969753,-2644.8545
-21.133333333343842,140.6666666663642,-2578.2356
-21.133333333343842,140.67083333303086,-2553.9666
-21.133333333343842,140.67499999969755,-2588.9233
-21.133333333343842,140.6791666663642,-2743.2258
-21.133333333343842,140.68333333303087,-2890.503
-21.133333333343842,140.68749999969754,-2958.6377
-21.133333333343842,140.6916666663642,-2871.2986
-21.133333333343842,140.6958333330309,-2537.3833
-21.133333333343842,140.69999999969755,-1930.5532
-21.133333333343842,140.70416666636422,-1213.7539
-21.133333333343842,140.7083333330309,-512.4013
-21.133333333343842,140.71249999969757,45.97512
-21.133333333343842,140.71666666636423,287.60928
-21.133333333343842,140.7208333330309,362.97058
-21.133333333343842,140.72499999969756,378.9392
-21.133333333343842,140.72916666636425,439.04242
-21.133333333343842,140.7333333330309,701.7368
-21.133333333343842,140.73749999969758,1016.0084
-21.133333333343842,140.74166666636427,1308.4028
-21.133333333343842,140.74583333303093,1510.8771
-21.133333333343842,140.7499999996976,1556.0483
-21.133333333343842,140.75416666636426,1294.9156
-21.133333333343842,140.75833333303092,912.7836
-21.133333333343842,140.7624999996976,482.69043
-21.133333333343842,140.76666666636427,39.214676
-21.133333333343842,140.77083333303094,-404.44562
-21.133333333343842,140.77499999969763,-784.25006
-21.133333333343842,140.7791666663643,-1136.8988
-21.133333333343842,140.78333333303095,-1400.7395
-21.133333333343842,140.78749999969762,-1448.625
-21.133333333343842,140.79166666636428,-1023.7378
-21.133333333343842,140.79583333303097,-405.67712
-21.133333333343842,140.79999999969763,246.17476
-21.133333333343842,140.8041666663643,790.29736
-21.133333333343842,140.808333333031,1096.2623
-21.13750000001051,140.53333333303075,-1293.8743
-21.13750000001051,140.53749999969742,-1546.2999
-21.13750000001051,140.5416666663641,-1220.0963
-21.13750000001051,140.54583333303077,-745.64795
-21.13750000001051,140.54999999969743,-279.97256
-21.13750000001051,140.5541666663641,89.352325
-21.13750000001051,140.55833333303076,357.91022
-21.13750000001051,140.56249999969745,771.014
-21.13750000001051,140.5666666663641,1114.7944
-21.13750000001051,140.57083333303078,1366.1625
-21.13750000001051,140.57499999969747,1469.6094
-21.13750000001051,140.57916666636413,1082.8623
-21.13750000001051,140.5833333330308,563.32983
-21.13750000001051,140.58749999969746,2.760859
-21.13750000001051,140.59166666636412,-490.9532
-21.13750000001051,140.5958333330308,-811.57513
-21.13750000001051,140.59999999969747,-880.9285
-21.13750000001051,140.60416666636414,-742.0488
-21.13750000001051,140.60833333303083,-479.2633
-21.13750000001051,140.6124999996975,-171.9175
-21.13750000001051,140.61666666636415,121.08648
-21.13750000001051,140.62083333303082,298.47556
-21.13750000001051,140.62499999969748,387.10056
-21.13750000001051,140.62916666636417,343.6652
-21.13750000001051,140.63333333303083,102.49591
-21.13750000001051,140.6374999996975,-283.84933
-21.13750000001051,140.6416666663642,-851.7439
-21.13750000001051,140.64583333303085,-1515.8912
-21.13750000001051,140.6499999996975,-2168.5422
-21.13750000001051,140.65416666636418,-2694.9287
-21.13750000001051,140.65833333303084,-2766.7517
-21.13750000001051,140.66249999969753,-2755.403
-21.13750000001051,140.6666666663642,-2778.7595
-21.13750000001051,140.67083333303086,-2887.4365
-21.13750000001051,140.67499999969755,-3050.217
-21.13750000001051,140.6791666663642,-3140.873
-21.13750000001051,140.68333333303087,-3200.6033
-21.13750000001051,140.68749999969754,-3189.8076
-21.13750000001051,140.6916666663642,-3043.0508
-21.13750000001051,140.6958333330309,-2578.3735
-21.13750000001051,140.69999999969755,-1931.7113
-21.13750000001051,140.70416666636422,-1186.6842
-21.13750000001051,140.7083333330309,-457.36667
-21.13750000001051,140.71249999969757,132.27682
-21.13750000001051,140.71666666636423,223.04199
-21.13750000001051,140.7208333330309,117.69857
-21.13750000001051,140.72499999969756,-73.53681
-21.13750000001051,140.72916666636425,-225.95393
-21.13750000001051,140.7333333330309,182.55142
-21.13750000001051,140.73749999969758,612.34204
-21.13750000001051,140.74166666636427,943.97205
-21.13750000001051,140.74583333303093,1112.4908
-21.13750000001051,140.7499999996976,1112.076
-21.13750000001051,140.75416666636426,1179.241
-21.13750000001051,140.75833333303092,1173.8949
-21.13750000001051,140.7624999996976,1170.4883
-21.13750000001051,140.76666666636427,1169.9308
-21.13750000001051,140.77083333303094,1134.7378
-21.13750000001051,140.77499999969763,438.47995
-21.13750000001051,140.7791666663643,-268.36078
-21.13750000001051,140.78333333303095,-865.74097
-21.13750000001051,140.78749999969762,-1218.8661
-21.13750000001051,140.79166666636428,-1005.0598
-21.13750000001051,140.79583333303097,-631.2952
-21.13750000001051,140.79999999969763,-261.80136
-21.13750000001051,140.8041666663643,-8.548538
-21.13750000001051,140.808333333031,64.35694
-21.14166666667718,140.53333333303075,-1279.0737
-21.14166666667718,140.53749999969742,-1781.4291
-21.14166666667718,140.5416666663641,-1201.8003
-21.14166666667718,140.54583333303077,-707.55914
-21.14166666667718,140.54999999969743,-326.98767
-21.14166666667718,140.5541666663641,-123.09752
-21.14166666667718,140.55833333303076,-162.48242
-21.14166666667718,140.56249999969745,489.00363
-21.14166666667718,140.5666666663641,973.06433
-21.14166666667718,140.57083333303078,1393.1952
-21.14166666667718,140.57499999969747,1855.0925
-21.14166666667718,140.57916666636413,1255.5972
-21.14166666667718,140.5833333330308,751.12335
-21.14166666667718,140.58749999969746,289.1735
-21.14166666667718,140.59166666636412,-76.323166
-21.14166666667718,140.5958333330308,-305.46985
-21.14166666667718,140.59999999969747,-451.7434
-21.14166666667718,140.60416666636414,-441.54205
-21.14166666667718,140.60833333303083,-321.7559
-21.14166666667718,140.6124999996975,-144.78387
-21.14166666667718,140.61666666636415,58.63472
-21.14166666667718,140.62083333303082,29.991024
-21.14166666667718,140.62499999969748,-61.08932
-21.14166666667718,140.62916666636417,-273.11447
-21.14166666667718,140.63333333303083,-687.5844
-21.14166666667718,140.6374999996975,-865.9017
-21.14166666667718,140.6416666663642,-1240.6295
-21.14166666667718,140.64583333303085,-1743.857
-21.14166666667718,140.6499999996975,-2318.4915
-21.14166666667718,140.65416666636418,-2983.5674
-21.14166666667718,140.65833333303084,-2778.9082
-21.14166666667718,140.66249999969753,-2719.6711
-21.14166666667718,140.6666666663642,-2805.9412
-21.14166666667718,140.67083333303086,-3050.6228
-21.14166666667718,140.67499999969755,-3375.3037
-21.14166666667718,140.6791666663642,-3407.9094
-21.14166666667718,140.68333333303087,-3422.176
-21.14166666667718,140.68749999969754,-3392.0798
-21.14166666667718,140.6916666663642,-3317.4224
-21.14166666667718,140.6958333330309,-2694.469
-21.14166666667718,140.69999999969755,-1985.1554
-21.14166666667718,140.70416666636422,-1184.7335
-21.14166666667718,140.7083333330309,-374.93784
-21.14166666667718,140.71249999969757,451.41403
-21.14166666667718,140.71666666636423,245.36136
-21.14166666667718,140.7208333330309,-37.87781
-21.14166666667718,140.72499999969756,-440.53226
-21.14166666667718,140.72916666636425,-1054.2526
-21.14166666667718,140.7333333330309,-189.11864
-21.14166666667718,140.73749999969758,411.26562
-21.14166666667718,140.74166666636427,800.1491
-21.14166666667718,140.74583333303093,938.86755
-21.14166666667718,140.7499999996976,769.4558
-21.14166666667718,140.75416666636426,1193.4109
-21.14166666667718,140.75833333303092,1449.1044
-21.14166666667718,140.7624999996976,1748.5011
-21.14166666667718,140.76666666636427,2122.6655
-21.14166666667718,140.77083333303094,2785.1748
-21.14166666667718,140.77499999969763,1461.3433
-21.14166666667718,140.7791666663643,421.90314
-21.14166666667718,140.78333333303095,-488.78278
-21.14166666667718,140.78749999969762,-1296.7794
-21.14166666667718,140.79166666636428,-1022.8714
-21.14166666667718,140.79583333303097,-789.24744
-21.14166666667718,140.79999999969763,-634.5616
-21.14166666667718,140.8041666663643,-615.4087
-21.14166666667718,140.808333333031,-804.46063
-21.14583333334385,140.53333333303075,-983.55725
-21.14583333334385,140.53749999969742,-1118.9806
-21.14583333334385,140.5416666663641,-796.3521
-21.14583333334385,140.54583333303077,-407.38376
-21.14583333334385,140.54999999969743,-76.20049
-21.14583333334385,140.5541666663641,140.43222
-21.14583333334385,140.55833333303076,265.32263
-21.14583333334385,140.56249999969745,584.3076
-21.14583333334385,140.5666666663641,864.8755
-21.14583333334385,140.57083333303078,1089.5974
-21.14583333334385,140.57499999969747,1228.1534
-21.14583333334385,140.57916666636413,971.88477
-21.14583333334385,140.5833333330308,670.7165
-21.14583333334385,140.58749999969746,384.8777
-21.14583333334385,140.59166666636412,151.87419
-21.14583333334385,140.5958333330308,-18.327532
-21.14583333334385,140.59999999969747,-149.77426
-21.14583333334385,140.60416666636414,-206.1955
-21.14583333334385,140.60833333303083,-198.5093
-21.14583333334385,140.6124999996975,-155.36906
-21.14583333334385,140.61666666636415,-119.13718
-21.14583333334385,140.62083333303082,-193.61917
-21.14583333334385,140.62499999969748,-346.76617
-21.14583333334385,140.62916666636417,-579.6968
-21.14583333334385,140.63333333303083,-881.0247
-21.14583333334385,140.6374999996975,-1099.8065
-21.14583333334385,140.6416666663642,-1372.5028
-21.14583333334385,140.64583333303085,-1699.2343
-21.14583333334385,140.6499999996975,-2047.9186
-21.14583333334385,140.65416666636418,-2355.1487
-21.14583333334385,140.65833333303084,-2354.0867
-21.14583333334385,140.66249999969753,-2378.6902
-21.14583333334385,140.6666666663642,-2563.1943
-21.14583333334385,140.67083333303086,-2958.6821
-21.14583333334385,140.67499999969755,-3647.4546
-21.14583333334385,140.6791666663642,-3470.1877
-21.14583333334385,140.68333333303087,-3446.4836
-21.14583333334385,140.68749999969754,-3396.8413
-21.14583333334385,140.6916666663642,-3236.0073
-21.14583333334385,140.6958333330309,-2738.751
-21.14583333334385,140.69999999969755,-2076.3816
-21.14583333334385,140.70416666636422,-1315.076
-21.14583333334385,140.7083333330309,-574.57745
-21.14583333334385,140.71249999969757,22.538507
-21.14583333334385,140.71666666636423,104.23031
-21.14583333334385,140.7208333330309,-11.392773
-21.14583333334385,140.72499999969756,-202.87267
-21.14583333334385,140.72916666636425,-329.4726
-21.14583333334385,140.7333333330309,134.09279
-21.14583333334385,140.73749999969758,635.18665
-21.14583333334385,140.74166666636427,1036.0925
-21.14583333334385,140.74583333303093,1274.0656
-21.14583333334385,140.7499999996976,1361.8955
-21.14583333334385,140.75416666636426,1582.3271
-21.14583333334385,140.75833333303092,1772.5076
-21.14583333334385,140.7624999996976,1991.9711
-21.14583333334385,140.76666666636427,2203.7307
-21.14583333334385,140.77083333303094,2305.2458
-21.14583333334385,140.77499999969763,1583.9946
-21.14583333334385,140.7791666663643,759.24585
-21.14583333334385,140.78333333303095,-17.400839
-21.14583333334385,140.78749999969762,-613.7249
-21.14583333334385,140.79166666636428,-733.9501
-21.14583333334385,140.79583333303097,-749.8824
-21.14583333334385,140.79999999969763,-779.74603
-21.14583333334385,140.8041666663643,-861.93335
-21.14583333334385,140.808333333031,-973.432
-21.15000000001052,140.53333333303075,-700.99493
-21.15000000001052,140.53749999969742,-622.33124
-21.15000000001052,140.5416666663641,-338.55453
-21.15000000001052,140.54583333303077,10.126023
-21.15000000001052,140.54999999969743,329.81525
-21.15000000001052,140.5541666663641,562.40375
-21.15000000001052,140.55833333303076,692.38367
-21.15000000001052,140.56249999969745,788.56055
-21.15000000001052,140.5666666663641,813.1611
-21.15000000001052,140.57083333303078,790.9242
-21.15000000001052,140.57499999969747,739.70306
-21.15000000001052,140.57916666636413,602.8104
-21.15000000001052,140.5833333330308,472.7495
-21.15000000001052,140.58749999969746,365.6381
-21.15000000001052,140.59166666636412,278.93066
-21.15000000001052,140.5958333330308,198.50821
-21.15000000001052,140.59999999969747,87.29207
-21.15000000001052,140.60416666636414,-12.018276
-21.15000000001052,140.60833333303083,-90.69792
-21.15000000001052,140.6124999996975,-153.59244
-21.15000000001052,140.61666666636415,-205.78415
-21.15000000001052,140.62083333303082,-322.9631
-21.15000000001052,140.62499999969748,-506.11127
-21.15000000001052,140.62916666636417,-741.31604
-21.15000000001052,140.63333333303083,-993.31555
-21.15000000001052,140.6374999996975,-1166.2465
-21.15000000001052,140.6416666663642,-1330.9585
-21.15000000001052,140.64583333303085,-1497.7357
-21.15000000001052,140.6499999996975,-1654.3031
-21.15000000001052,140.65416666636418,-1765.0421
-21.15000000001052,140.65833333303084,-1768.7699
-21.15000000001052,140.66249999969753,-1797.348
-21.15000000001052,140.6666666663642,-1954.991
-21.15000000001052,140.67083333303086,-2289.0505
-21.15000000001052,140.67499999969755,-2783.1736
-21.15000000001052,140.6791666663642,-3010.8708
-21.15000000001052,140.68333333303087,-3209.4087
-21.15000000001052,140.68749999969754,-3313.7163
-21.15000000001052,140.6916666663642,-3233.305
-21.15000000001052,140.6958333330309,-2841.3098
-21.15000000001052,140.69999999969755,-2229.7336
-21.15000000001052,140.70416666636422,-1494.9355
-21.15000000001052,140.7083333330309,-762.4191
-21.15000000001052,140.71249999969757,-172.15128
-21.15000000001052,140.71666666636423,48.695316
-21.15000000001052,140.7208333330309,100.151375
-21.15000000001052,140.72499999969756,111.8807
-21.15000000001052,140.72916666636425,216.04219
-21.15000000001052,140.7333333330309,590.7191
-21.15000000001052,140.73749999969758,1052.5355
-21.15000000001052,140.74166666636427,1485.144
-21.15000000001052,140.74583333303093,1808.6355
-21.15000000001052,140.7499999996976,1985.4696
-21.15000000001052,140.75416666636426,2077.8933
-21.15000000001052,140.75833333303092,2108.2576
-21.15000000001052,140.7624999996976,2135.3894
-21.15000000001052,140.76666666636427,2139.989
-21.15000000001052,140.77083333303094,2015.4506
-21.15000000001052,140.77499999969763,1512.9678
-21.15000000001052,140.7791666663643,895.7706
-21.15000000001052,140.78333333303095,294.04208
-21.15000000001052,140.78749999969762,-192.51608
-21.15000000001052,140.79166666636428,-452.60257
-21.15000000001052,140.79583333303097,-632.3141
-21.15000000001052,140.79999999969763,-803.57104
-21.15000000001052,140.8041666663643,-971.2918
-21.15000000001052,140.808333333031,-1086.593
-21.15416666667719,140.53333333303075,-440.52985
-21.15416666667719,140.53749999969742,-185.26817
-21.15416666667719,140.5416666663641,108.33169
-21.15416666667719,140.54583333303077,456.0044
-21.15416666667719,140.54999999969743,799.2126
-21.15416666667719,140.5541666663641,1075.9731
-21.15416666667719,140.55833333303076,1213.0453
-21.15416666667719,140.56249999969745,1080.4978
-21.15416666667719,140.5666666663641,816.0852
-21.15416666667719,140.57083333303078,507.45264
-21.15416666667719,140.57499999969747,244.94395
-21.15416666667719,140.57916666636413,206.02837
-21.15416666667719,140.5833333330308,244.80234
-21.15416666667719,140.58749999969746,315.20407
-21.15416666667719,140.59166666636412,381.67117
-21.15416666667719,140.5958333330308,418.4478
-21.15416666667719,140.59999999969747,314.35352
-21.15416666667719,140.60416666636414,177.117
-21.15416666667719,140.60833333303083,26.245611
-21.15416666667719,140.6124999996975,-127.23612
-21.15416666667719,140.61666666636415,-225.05536
-21.15416666667719,140.62083333303082,-366.44528
-21.15416666667719,140.62499999969748,-567.0805
-21.15416666667719,140.62916666636417,-807.11914
-21.15416666667719,140.63333333303083,-1042.6902
-21.15416666667719,140.6374999996975,-1135.4752
-21.15416666667719,140.6416666663642,-1190.6677
-21.15416666667719,140.64583333303085,-1216.8833
-21.15416666667719,140.6499999996975,-1213.1969
-21.15416666667719,140.65416666636418,-1163.3376
-21.15416666667719,140.65833333303084,-1117.7517
-21.15416666667719,140.66249999969753,-1083.2821
-21.15416666667719,140.6666666663642,-1142.5759
-21.15416666667719,140.67083333303086,-1373.7003
-21.15416666667719,140.67499999969755,-1904.0945
-21.15416666667719,140.6791666663642,-2412.6392
-21.15416666667719,140.68333333303087,-2886.92
-21.15416666667719,140.68749999969754,-3235.9822
-21.15416666667719,140.6916666663642,-3346.0867
-21.15416666667719,140.6958333330309,-3029.779
-21.15416666667719,140.69999999969755,-2448.914
-21.15416666667719,140.70416666636422,-1708.8678
-21.15416666667719,140.7083333330309,-937.11206
-21.15416666667719,140.71249999969757,-255.10262
-21.15416666667719,140.71666666636423,28.729395
-21.15416666667719,140.7208333330309,204.12932
-21.15416666667719,140.72499999969756,379.7632
-21.15416666667719,140.72916666636425,654.13257
-21.15416666667719,140.7333333330309,1026.0326
-21.15416666667719,140.73749999969758,1506.5707
-21.15416666667719,140.74166666636427,2018.0259
-21.15416666667719,140.74583333303093,2467.8887
-21.15416666667719,140.7499999996976,2747.4512
-21.15416666667719,140.75416666636426,2659.886
-21.15416666667719,140.75833333303092,2460.9155
-21.15416666667719,140.7624999996976,2257.4172
-21.15416666667719,140.76666666636427,2059.1785
-21.15416666667719,140.77083333303094,1773.9182
-21.15416666667719,140.77499999969763,1376.9518
-21.15416666667719,140.7791666663643,934.6718
-21.15416666667719,140.78333333303095,508.48108
-21.15416666667719,140.78749999969762,135.62491
-21.15416666667719,140.79166666636428,-180.43607
-21.15416666667719,140.79583333303097,-473.026
-21.15416666667719,140.79999999969763,-764.35657
-21.15416666667719,140.8041666663643,-1029.3176
-21.15416666667719,140.808333333031,-1196.8271
-21.15833333334386,140.53333333303075,-208.44916
-21.15833333334386,140.53749999969742,200.6645
-21.15833333334386,140.5416666663641,481.75543
-21.15833333334386,140.54583333303077,847.71814
-21.15833333334386,140.54999999969743,1242.537
-21.15833333334386,140.5541666663641,1597.7545
-21.15833333334386,140.55833333303076,1799.8301
-21.15833333334386,140.56249999969745,1423.0483
-21.15833333334386,140.5666666663641,871.1058
-21.15833333334386,140.57083333303078,273.54092
-21.15833333334386,140.57499999969747,-239.24661
-21.15833333334386,140.57916666636413,-140.37772
-21.15833333334386,140.5833333330308,63.835247
-21.15833333334386,140.58749999969746,299.11954
-21.15833333334386,140.59166666636412,507.32034
-21.15833333334386,140.5958333330308,704.343
-21.15833333334386,140.59999999969747,554.36914
-21.15833333334386,140.60416666636414,384.47415
-21.15833333334386,140.60833333303083,172.70554
-21.15833333334386,140.6124999996975,-93.548164
-21.15833333334386,140.61666666636415,-166.1221
-21.15833333334386,140.62083333303082,-318.15567
-21.15833333334386,140.62499999969748,-536.93744
-21.15833333334386,140.62916666636417,-798.0455
-21.15833333334386,140.63333333303083,-1095.2266
-21.15833333334386,140.6374999996975,-1050.1061
-21.15833333334386,140.6416666663642,-1007.76324
-21.15833333334386,140.64583333303085,-926.6396
-21.15833333334386,140.6499999996975,-807.5811
-21.15833333334386,140.65416666636418,-614.2593
-21.15833333334386,140.65833333303084,-522.81055
-21.15833333334386,140.66249999969753,-379.91306
-21.15833333334386,140.6666666663642,-285.88715
-21.15833333334386,140.67083333303086,-337.66046
-21.15833333334386,140.67499999969755,-1018.6224
-21.15833333334386,140.6791666663642,-1795.5535
-21.15833333334386,140.68333333303087,-2574.846
-21.15833333334386,140.68749999969754,-3217.084
-21.15833333334386,140.6916666663642,-3604.9534
-21.15833333334386,140.6958333330309,-3308.885
-21.15833333334386,140.69999999969755,-2731.8682
-21.15833333334386,140.70416666636422,-1964.6265
-21.15833333334386,140.7083333330309,-1120.0321
-21.15833333334386,140.71249999969757,-195.06511
-21.15833333334386,140.71666666636423,-27.559608
-21.15833333334386,140.7208333330309,205.8156
-21.15833333334386,140.72499999969756,497.09003
-21.15833333334386,140.72916666636425,930.94617
-21.15833333334386,140.7333333330309,1316.0388
-21.15833333334386,140.73749999969758,1858.2407
-21.15833333334386,140.74166666636427,2495.829
-21.15833333334386,140.74583333303093,3121.133
-21.15833333334386,140.7499999996976,3584.0034
-21.15833333334386,140.75416666636426,3237.191
-21.15833333334386,140.75833333303092,2776.994
-21.15833333334386,140.7624999996976,2344.2632
-21.15833333334386,140.76666666636427,1994.9343
-21.15833333334386,140.77083333303094,1593.2852
-21.15833333334386,140.77499999969763,1235.3888
-21.15833333334386,140.7791666663643,932.3901
-21.15833333334386,140.78333333303095,669.04376
-21.15833333334386,140.78749999969762,406.50946
-21.15833333334386,140.79166666636428,94.45888
-21.15833333334386,140.79583333303097,-268.16602
-21.15833333334386,140.79999999969763,-670.3906
-21.15833333334386,140.8041666663643,-1049.1641
-21.15833333334386,140.808333333031,-1313.0231
-21.16250000001053,140.53333333303075,-43.462273
-21.16250000001053,140.53749999969742,334.47104
-21.16250000001053,140.5416666663641,689.0369
-21.16250000001053,140.54583333303077,1098.9707
-21.16250000001053,140.54999999969743,1567.7131
-21.16250000001053,140.5541666663641,2055.1213
-21.16250000001053,140.55833333303076,2591.5415
-21.16250000001053,140.56249999969745,1788.8334
-21.16250000001053,140.5666666663641,973.9182
-21.16250000001053,140.57083333303078,101.868965
-21.16250000001053,140.57499999969747,-909.1115
-21.16250000001053,140.57916666636413,-380.90298
-21.16250000001053,140.5833333330308,2.156011
-21.16250000001053,140.58749999969746,346.41232
-21.16250000001053,140.59166666636412,605.0289
-21.16250000001053,140.5958333330308,780.1466
-21.16250000001053,140.59999999969747,744.072
-21.16250000001053,140.60416666636414,620.1401
-21.16250000001053,140.60833333303083,432.97098
-21.16250000001053,140.6124999996975,216.73918
-21.16250000001053,140.61666666636415,44.29956
-21.16250000001053,140.62083333303082,-154.64496
-21.16250000001053,140.62499999969748,-389.12418
-21.16250000001053,140.62916666636417,-627.2377
-21.16250000001053,140.63333333303083,-825.36444
-21.16250000001053,140.6374999996975,-841.19574
-21.16250000001053,140.6416666663642,-788.58014
-21.16250000001053,140.64583333303085,-676.1675
-21.16250000001053,140.6499999996975,-520.8964
-21.16250000001053,140.65416666636418,-308.92526
-21.16250000001053,140.65833333303084,-112.53968
-21.16250000001053,140.66249999969753,161.01535
-21.16250000001053,140.6666666663642,462.1827
-21.16250000001053,140.67083333303086,865.6751
-21.16250000001053,140.67499999969755,-222.33348
-21.16250000001053,140.6791666663642,-1255.0054
-21.16250000001053,140.68333333303087,-2313.0662
-21.16250000001053,140.68749999969754,-3265.015
-21.16250000001053,140.6916666663642,-4139.9517
-21.16250000001053,140.6958333330309,-3645.5044
-21.16250000001053,140.69999999969755,-3051.293
-21.16250000001053,140.70416666636422,-2321.6658
-21.16250000001053,140.7083333330309,-1560.8431
-21.16250000001053,140.71249999969757,-821.5387
-21.16250000001053,140.71666666636423,-396.12405
-21.16250000001053,140.7208333330309,-24.463404
-21.16250000001053,140.72499999969756,362.08792
-21.16250000001053,140.72916666636425,823.29614
-21.16250000001053,140.7333333330309,1336.983
-21.16250000001053,140.73749999969758,1974.4559
-21.16250000001053,140.74166666636427,2762.9038
-21.16250000001053,140.74583333303093,3624.891
-21.16250000001053,140.7499999996976,4649.186
-21.16250000001053,140.75416666636426,3675.5168
-21.16250000001053,140.75833333303092,2914.061
-21.16250000001053,140.7624999996976,2281.5554
-21.16250000001053,140.76666666636427,1885.8895
-21.16250000001053,140.77083333303094,1317.8372
-21.16250000001053,140.77499999969763,1025.4404
-21.16250000001053,140.7791666663643,892.4338
-21.16250000001053,140.78333333303095,830.2645
-21.16250000001053,140.78749999969762,733.4337
-21.16250000001053,140.79166666636428,427.66733
-21.16250000001053,140.79583333303097,7.942098
-21.16250000001053,140.79999999969763,-503.6974
-21.16250000001053,140.8041666663643,-1024.9387
-21.16250000001053,140.808333333031,-1530.0343
-21.1666666666772,140.53333333303075,131.03226
-21.1666666666772,140.53749999969742,434.05496
-21.1666666666772,140.5416666663641,773.527
-21.1666666666772,140.54583333303077,1175.2604
-21.1666666666772,140.54999999969743,1618.3232
-21.1666666666772,140.5541666663641,2016.5894
-21.1666666666772,140.55833333303076,2226.447
-21.1666666666772,140.56249999969745,1782.1826
-21.1666666666772,140.5666666663641,1130.6132
-21.1666666666772,140.57083333303078,443.22427
-21.1666666666772,140.57499999969747,-116.898834
-21.1666666666772,140.57916666636413,-19.8786
-21.1666666666772,140.5833333330308,228.85081
-21.1666666666772,140.58749999969746,527.99725
-21.1666666666772,140.59166666636412,789.73413
-21.1666666666772,140.5958333330308,963.5483
-21.1666666666772,140.59999999969747,978.7145
-21.1666666666772,140.60416666636414,888.72455
-21.1666666666772,140.60833333303083,727.29504
-21.1666666666772,140.6124999996975,523.92334
-21.1666666666772,140.61666666636415,306.96936
-21.1666666666772,140.62083333303082,67.10539
-21.1666666666772,140.62499999969748,-189.10349
-21.1666666666772,140.62916666636417,-429.6103
-21.1666666666772,140.63333333303083,-605.53064
-21.1666666666772,140.6374999996975,-636.4941
-21.1666666666772,140.6416666663642,-583.9981
-21.1666666666772,140.64583333303085,-471.88663
-21.1666666666772,140.6499999996975,-316.36456
-21.1666666666772,140.65416666636418,-116.974335
-21.1666666666772,140.65833333303084,98.9732
-21.1666666666772,140.66249999969753,363.20016
-21.1666666666772,140.6666666663642,606.8193
-21.1666666666772,140.67083333303086,688.1215
-21.1666666666772,140.67499999969755,35.03121
-21.1666666666772,140.6791666663642,-931.4519
-21.1666666666772,140.68333333303087,-2031.0779
-21.1666666666772,140.68749999969754,-3035.2532
-21.1666666666772,140.6916666663642,-3739.6467
-21.1666666666772,140.6958333330309,-3654.3943
-21.1666666666772,140.69999999969755,-3237.7222
-21.1666666666772,140.70416666636422,-2640.6897
-21.1666666666772,140.7083333330309,-1981.0991
-21.1666666666772,140.71249999969757,-1323.7991
-21.1666666666772,140.71666666636423,-808.38245
-21.1666666666772,140.7208333330309,-358.99512
-21.1666666666772,140.72499999969756,81.69127
-21.1666666666772,140.72916666636425,569.6587
-21.1666666666772,140.7333333330309,1136.2754
-21.1666666666772,140.73749999969758,1808.7661
-21.1666666666772,140.74166666636427,2569.588
-21.1666666666772,140.74583333303093,3289.5254
-21.1666666666772,140.7499999996976,3765.7073
-21.1666666666772,140.75416666636426,3269.9568
-21.1666666666772,140.75833333303092,2555.2332
-21.1666666666772,140.7624999996976,1829.227
-21.1666666666772,140.76666666636427,1240.6709
-21.1666666666772,140.77083333303094,775.8828
-21.1666666666772,140.77499999969763,665.8528
-21.1666666666772,140.7791666663643,791.1762
-21.1666666666772,140.78333333303095,977.3329
-21.1666666666772,140.78749999969762,1037.5831
-21.1666666666772,140.79166666636428,806.89484
-21.1666666666772,140.79583333303097,358.90558
-21.1666666666772,140.79999999969763,-210.73468
-21.1666666666772,140.8041666663643,-760.8544
-21.1666666666772,140.808333333031,-1142.2887
-21.17083333334387,140.53333333303075,274.35526
-21.17083333334387,140.53749999969742,470.233
-21.17083333334387,140.5416666663641,747.0353
-21.17083333334387,140.54583333303077,1115.6792
-21.17083333334387,140.54999999969743,1538.714
-21.17083333334387,140.5541666663641,1913.4426
-21.17083333334387,140.55833333303076,2082.08
-21.17083333334387,140.56249999969745,1769.259
-21.17083333334387,140.5666666663641,1261.4443
-21.17083333334387,140.57083333303078,746.2081
-21.17083333334387,140.57499999969747,385.91162
-21.17083333334387,140.57916666636413,350.87595
-21.17083333334387,140.5833333330308,508.73178
-21.17083333334387,140.58749999969746,766.8473
-21.17083333334387,140.59166666636412,1036.1022
-21.17083333334387,140.5958333330308,1234.3694
-21.17083333334387,140.59999999969747,1259.5778
-21.17083333334387,140.60416666636414,1182.4281
-21.17083333334387,140.60833333303083,1040.1371
-21.17083333334387,140.6124999996975,850.6187
-21.17083333334387,140.61666666636415,591.5403
-21.17083333334387,140.62083333303082,308.80206
-21.17083333334387,140.62499999969748,18.871634
-21.17083333334387,140.62916666636417,-250.06888
-21.17083333334387,140.63333333303083,-448.8585
-21.17083333334387,140.6374999996975,-466.7824
-21.17083333334387,140.6416666663642,-406.1856
-21.17083333334387,140.64583333303085,-300.3227
-21.17083333334387,140.6499999996975,-157.79002
-21.17083333334387,140.65416666636418,20.499445
-21.17083333334387,140.65833333303084,186.26776
-21.17083333334387,140.66249999969753,406.82242
-21.17083333334387,140.6666666663642,635.25635
-21.17083333334387,140.67083333303086,709.6374
-21.17083333334387,140.67499999969755,308.0325
-21.17083333334387,140.6791666663642,-652.65393
-21.17083333334387,140.68333333303087,-1815.3068
-21.17083333334387,140.68749999969754,-2913.3977
-21.17083333334387,140.6916666663642,-3680.6152
-21.17083333334387,140.6958333330309,-3704.4666
-21.17083333334387,140.69999999969755,-3377.6855
-21.17083333334387,140.70416666636422,-2889.8887
-21.17083333334387,140.7083333330309,-2340.8564
-21.17083333334387,140.71249999969757,-1724.2026
-21.17083333334387,140.71666666636423,-1177.4597
-21.17083333334387,140.7208333330309,-703.28406
-21.17083333334387,140.72499999969756,-260.1444
-21.17083333334387,140.72916666636425,214.43013
-21.17083333334387,140.7333333330309,792.6937
-21.17083333334387,140.73749999969758,1462.2251
-21.17083333334387,140.74166666636427,2185.709
-21.17083333334387,140.74583333303093,2829.7244
-21.17083333334387,140.7499999996976,3166.78
-21.17083333334387,140.75416666636426,2733.9932
-21.17083333334387,140.75833333303092,1988.7349
-21.17083333334387,140.7624999996976,1153.6827
-21.17083333334387,140.76666666636427,411.45718
-21.17083333334387,140.77083333303094,-76.979546
-21.17083333334387,140.77499999969763,132.87904
-21.17083333334387,140.7791666663643,639.9848
-21.17083333334387,140.78333333303095,1186.03
-21.17083333334387,140.78749999969762,1514.5703
-21.17083333334387,140.79166666636428,1283.3934
-21.17083333334387,140.79583333303097,754.82153
-21.17083333334387,140.79999999969763,91.74574
-21.17083333334387,140.8041666663643,-542.5121
-21.17083333334387,140.808333333031,-966.8881
-21.17500000001054,140.53333333303075,318.41162
-21.17500000001054,140.53749999969742,408.49728
-21.17500000001054,140.5416666663641,600.1274
-21.17500000001054,140.54583333303077,934.1453
-21.17500000001054,140.54999999969743,1366.665
-21.17500000001054,140.5541666663641,1776.2499
-21.17500000001054,140.55833333303076,2012.8413
-21.17500000001054,140.56249999969745,1718.8197
-21.17500000001054,140.5666666663641,1283.5697
-21.17500000001054,140.57083333303078,885.6439
-21.17500000001054,140.57499999969747,676.29285
-21.17500000001054,140.57916666636413,569.6767
-21.17500000001054,140.5833333330308,687.0361
-21.17500000001054,140.58749999969746,953.3979
-21.17500000001054,140.59166666636412,1272.4154
-21.17500000001054,140.5958333330308,1540.9658
-21.17500000001054,140.59999999969747,1543.4974
-21.17500000001054,140.60416666636414,1460.831
-21.17500000001054,140.60833333303083,1330.6598
-21.17500000001054,140.6124999996975,1169.234
-21.17500000001054,140.61666666636415,868.0412
-21.17500000001054,140.62083333303082,549.9729
-21.17500000001054,140.62499999969748,221.08559
-21.17500000001054,140.62916666636417,-96.1638
-21.17500000001054,140.63333333303083,-374.57755
-21.17500000001054,140.6374999996975,-328.52673
-21.17500000001054,140.6416666663642,-248.14093
-21.17500000001054,140.64583333303085,-149.60294
-21.17500000001054,140.6499999996975,-31.252007
-21.17500000001054,140.65416666636418,127.807465
-21.17500000001054,140.65833333303084,186.14891
-21.17500000001054,140.66249999969753,346.77725
-21.17500000001054,140.6666666663642,596.07056
-21.17500000001054,140.67083333303086,788.40857
-21.17500000001054,140.67499999969755,687.8887
-21.17500000001054,140.6791666663642,-377.32224
-21.17500000001054,140.68333333303087,-1661.2036
-21.17500000001054,140.68749999969754,-2903.8152
-21.17500000001054,140.6916666663642,-3854.5872
-21.17500000001054,140.6958333330309,-3782.2378
-21.17500000001054,140.69999999969755,-3441.3164
-21.17500000001054,140.70416666636422,-3010.4373
-21.17500000001054,140.7083333330309,-2580.796
-21.17500000001054,140.71249999969757,-1960.4763
-21.17500000001054,140.71666666636423,-1419.3181
-21.17500000001054,140.7208333330309,-973.24524
-21.17500000001054,140.72499999969756,-585.12683
-21.17500000001054,140.72916666636425,-181.76816
-21.17500000001054,140.7333333330309,383.4569
-21.17500000001054,140.73749999969758,1030.5325
-21.17500000001054,140.74166666636427,1736.3114
-21.17500000001054,140.74583333303093,2376.3071
-21.17500000001054,140.7499999996976,2763.0635
-21.17500000001054,140.75416666636426,2226.8743
-21.17500000001054,140.75833333303092,1398.5028
-21.17500000001054,140.7624999996976,423.6732
-21.17500000001054,140.76666666636427,-504.84113
-21.17500000001054,140.77083333303094,-1181.24
-21.17500000001054,140.77499999969763,-496.05746
-21.17500000001054,140.7791666663643,474.2129
-21.17500000001054,140.78333333303095,1446.714
-21.17500000001054,140.78749999969762,2147.1873
-21.17500000001054,140.79166666636428,1793.538
-21.17500000001054,140.79583333303097,1131.0807
-21.17500000001054,140.79999999969763,332.3269
-21.17500000001054,140.8041666663643,-422.80057
-21.17500000001054,140.808333333031,-981.63574
-21.17916666667721,140.53333333303075,184.30449
-21.17916666667721,140.53749999969742,211.51279
-21.17916666667721,140.5416666663641,303.1289
-21.17916666667721,140.54583333303077,617.73126
-21.17916666667721,140.54999999969743,1092.5608
-21.17916666667721,140.5541666663641,1599.0607
-21.17916666667721,140.55833333303076,2102.2488
-21.17916666667721,140.56249999969745,1577.5327
-21.17916666667721,140.5666666663641,1095.2732
-21.17916666667721,140.57083333303078,728.657
-21.17916666667721,140.57499999969747,690.26196
-21.17916666667721,140.57916666636413,492.18658
-21.17916666667721,140.5833333330308,638.7204
-21.17916666667721,140.58749999969746,986.2141
-21.17916666667721,140.59166666636412,1426.7733
-21.17916666667721,140.5958333330308,1899.1968
-21.17916666667721,140.59999999969747,1775.9827
-21.17916666667721,140.60416666636414,1663.0938
-21.17916666667721,140.60833333303083,1548.8849
-21.17916666667721,140.6124999996975,1494.8337
-21.17916666667721,140.61666666636415,1106.9816
-21.17916666667721,140.62083333303082,780.96204
-21.17916666667721,140.62499999969748,444.0619
-21.17916666667721,140.62916666636417,82.56778
-21.17916666667721,140.63333333303083,-422.79385
-21.17916666667721,140.6374999996975,-173.24318
-21.17916666667721,140.6416666663642,-83.85891
-21.17916666667721,140.64583333303085,-24.20738
-21.17916666667721,140.6499999996975,51.403637
-21.17916666667721,140.65416666636418,270.9061
-21.17916666667721,140.65833333303084,84.44688
-21.17916666667721,140.66249999969753,148.00426
-21.17916666667721,140.6666666663642,431.7184
-21.17916666667721,140.67083333303086,843.9
-21.17916666667721,140.67499999969755,1407.6628
-21.17916666667721,140.6791666663642,-125.39636
-21.17916666667721,140.68333333303087,-1549.6302
-21.17916666667721,140.68749999969754,-2947.2205
-21.17916666667721,140.6916666663642,-4417.978
-21.17916666667721,140.6958333330309,-3777.93
-21.17916666667721,140.69999999969755,-3308.3743
-21.17916666667721,140.70416666636422,-2914.0713
-21.17916666667721,140.7083333330309,-2724.3933
-21.17916666667721,140.71249999969757,-1968.4995
-21.17916666667721,140.71666666636423,-1461.6387
-21.17916666667721,140.7208333330309,-1105.0374
-21.17916666667721,140.72499999969756,-840.506
-21.17916666667721,140.72916666636425,-609.6348
-21.17916666667721,140.7333333330309,-45.320435
-21.17916666667721,140.73749999969758,551.5907
-21.17916666667721,140.74166666636427,1240.2987
-21.17916666667721,140.74583333303093,1953.709
-21.17916666667721,140.7499999996976,2784.389
-21.17916666667721,140.75416666636426,1823.1888
-21.17916666667721,140.75833333303092,914.1336
-21.17916666667721,140.7624999996976,-150.34435
-21.17916666667721,140.76666666636427,-1296.7372
-21.17916666667721,140.77083333303094,-2772.1858
-21.17916666667721,140.77499999969763,-1075.9037
-21.17916666667721,140.7791666663643,367.2465
-21.17916666667721,140.78333333303095,1749.824
-21.17916666667721,140.78749999969762,3166.3323
-21.17916666667721,140.79166666636428,2242.4973
-21.17916666667721,140.79583333303097,1394.3273
-21.17916666667721,140.79999999969763,480.2945
-21.17916666667721,140.8041666663643,-406.1854
-21.17916666667721,140.808333333031,-1345.9772
-21.18333333334388,140.53333333303075,-227.871
-21.18333333334388,140.53749999969742,-342.83136
-21.18333333334388,140.5416666663641,-214.6124
-21.18333333334388,140.54583333303077,144.95332
-21.18333333334388,140.54999999969743,637.3151
-21.18333333334388,140.5541666663641,1099.5471
-21.18333333334388,140.55833333303076,1355.1936
-21.18333333334388,140.56249999969745,1032.759
-21.18333333334388,140.5666666663641,538.19244
-21.18333333334388,140.57083333303078,89.838036
-21.18333333334388,140.57499999969747,-101.929886
-21.18333333334388,140.57916666636413,-61.595215
-21.18333333334388,140.5833333330308,275.10504
-21.18333333334388,140.58749999969746,779.5749
-21.18333333334388,140.59166666636412,1309.4669
-21.18333333334388,140.5958333330308,1720.9512
-21.18333333334388,140.59999999969747,1762.2129
-21.18333333334388,140.60416666636414,1670.6981
-21.18333333334388,140.60833333303083,1533.7404
-21.18333333334388,140.6124999996975,1398.7535
-21.18333333334388,140.61666666636415,1170.33
-21.18333333334388,140.62083333303082,965.58453
-21.18333333334388,140.62499999969748,772.44543
-21.18333333334388,140.62916666636417,575.5474
-21.18333333334388,140.63333333303083,340.27432
-21.18333333334388,140.6374999996975,279.98798
-21.18333333334388,140.6416666663642,158.60887
-21.18333333334388,140.64583333303085,10.235183
-21.18333333334388,140.6499999996975,-126.71076
-21.18333333334388,140.65416666636418,-204.74648
-21.18333333334388,140.65833333303084,-341.56924
-21.18333333334388,140.66249999969753,-320.46967
-21.18333333334388,140.6666666663642,-131.97675
-21.18333333334388,140.67083333303086,114.11279
-21.18333333334388,140.67499999969755,221.5742
-21.18333333334388,140.6791666663642,-533.9388
-21.18333333334388,140.68333333303087,-1466.2976
-21.18333333334388,140.68749999969754,-2381.3186
-21.18333333334388,140.6916666663642,-3101.4905
-21.18333333334388,140.6958333330309,-2964.0454
-21.18333333334388,140.69999999969755,-2659.5095
-21.18333333334388,140.70416666636422,-2308.9182
-21.18333333334388,140.7083333330309,-1984.506
-21.18333333334388,140.71249999969757,-1517.0806
-21.18333333334388,140.71666666636423,-1218.7867
-21.18333333334388,140.7208333330309,-1051.258
-21.18333333334388,140.72499999969756,-934.40393
-21.18333333334388,140.72916666636425,-772.5383
-21.18333333334388,140.7333333330309,-415.87015
-21.18333333334388,140.73749999969758,25.470598
-21.18333333334388,140.74166666636427,521.5683
-21.18333333334388,140.74583333303093,993.24567
-21.18333333334388,140.7499999996976,1345.6713
-21.18333333334388,140.75416666636426,1008.9508
-21.18333333334388,140.75833333303092,489.20206
-21.18333333334388,140.7624999996976,-175.26427
-21.18333333334388,140.76666666636427,-851.9565
-21.18333333334388,140.77083333303094,-1347.8069
-21.18333333334388,140.77499999969763,-553.4588
-21.18333333334388,140.7791666663643,469.62112
-21.18333333334388,140.78333333303095,1465.078
-21.18333333334388,140.78749999969762,2192.7786
-21.18333333334388,140.79166666636428,1898.7974
-21.18333333334388,140.79583333303097,1325.0624
-21.18333333334388,140.79999999969763,625.0211
-21.18333333334388,140.8041666663643,-50.17276
-21.18333333334388,140.808333333031,-581.4501
-21.18750000001055,140.53333333303075,-815.4488
-21.18750000001055,140.53749999969742,-1077.1237
-21.18750000001055,140.5416666663641,-857.3288
-21.18750000001055,140.54583333303077,-387.99838
-21.18750000001055,140.54999999969743,177.85709
-21.18750000001055,140.5541666663641,661.6608
-21.18750000001055,140.55833333303076,863.02185
-21.18750000001055,140.56249999969745,476.58966
-21.18750000001055,140.5666666663641,-172.03445
-21.18750000001055,140.57083333303078,-822.456
-21.18750000001055,140.57499999969747,-1197.0845
-21.18750000001055,140.57916666636413,-903.7973
-21.18750000001055,140.5833333330308,-285.24246
-21.18750000001055,140.58749999969746,461.6933
-21.18750000001055,140.59166666636412,1167.5273
-21.18750000001055,140.5958333330308,1677.0083
-21.18750000001055,140.59999999969747,1732.3612
-21.18750000001055,140.60416666636414,1600.8955
-21.18750000001055,140.60833333303083,1417.9125
-21.18750000001055,140.6124999996975,1263.2247
-21.18750000001055,140.61666666636415,1147.1373
-21.18750000001055,140.62083333303082,1098.3038
-21.18750000001055,140.62499999969748,1102.9061
-21.18750000001055,140.62916666636417,1118.2496
-21.18750000001055,140.63333333303083,1063.7278
-21.18750000001055,140.6374999996975,773.9867
-21.18750000001055,140.6416666663642,387.5267
-21.18750000001055,140.64583333303085,-23.878012
-21.18750000001055,140.6499999996975,-399.8189
-21.18750000001055,140.65416666636418,-690.00525
-21.18750000001055,140.65833333303084,-881.73773
-21.18750000001055,140.66249999969753,-919.66974
-21.18750000001055,140.6666666663642,-826.34155
-21.18750000001055,140.67083333303086,-691.1418
-21.18750000001055,140.67499999969755,-659.18726
-21.18750000001055,140.6791666663642,-977.6167
-21.18750000001055,140.68333333303087,-1412.2275
-21.18750000001055,140.68749999969754,-1823.1575
-21.18750000001055,140.6916666663642,-2088.093
-21.18750000001055,140.6958333330309,-2056.619
-21.18750000001055,140.69999999969755,-1854.7845
-21.18750000001055,140.70416666636422,-1546.3726
-21.18750000001055,140.7083333330309,-1190.8606
-21.18750000001055,140.71249999969757,-829.84283
-21.18750000001055,140.71666666636423,-806.1402
-21.18750000001055,140.7208333330309,-906.6706
-21.18750000001055,140.72499999969756,-1011.4674
-21.18750000001055,140.72916666636425,-1012.95593
-21.18750000001055,140.7333333330309,-827.22705
-21.18750000001055,140.73749999969758,-545.47064
-21.18750000001055,140.74166666636427,-245.49591
-21.18750000001055,140.74583333303093,18.084724
-21.18750000001055,140.7499999996976,206.33157
-21.18750000001055,140.75416666636426,278.2568
-21.18750000001055,140.75833333303092,218.2734
-21.18750000001055,140.7624999996976,29.512585
-21.18750000001055,140.76666666636427,-212.2887
-21.18750000001055,140.77083333303094,-340.02036
-21.18750000001055,140.77499999969763,77.687584
-21.18750000001055,140.7791666663643,680.768
-21.18750000001055,140.78333333303095,1263.8787
-21.18750000001055,140.78749999969762,1637.0823
-21.18750000001055,140.79166666636428,1517.8562
-21.18750000001055,140.79583333303097,1159.3329
-21.18750000001055,140.79999999969763,695.45746
-21.18750000001055,140.8041666663643,238.5017
-21.18750000001055,140.808333333031,-106.28188
-21.19166666667722,140.53333333303075,-1427.8666
-21.19166666667722,140.53749999969742,-1916.7587
-21.19166666667722,140.5416666663641,-1494.9751
-21.19166666667722,140.54583333303077,-860.5681
-21.19166666667722,140.54999999969743,-169.86214
-21.19166666667722,140.5541666663641,390.5327
-21.19166666667722,140.55833333303076,642.16077
-21.19166666667722,140.56249999969745,52.863728
-21.19166666667722,140.5666666663641,-854.9468
-21.19166666667722,140.57083333303078,-1815.9324
-21.19166666667722,140.57499999969747,-2528.5615
-21.19166666667722,140.57916666636413,-1853.1608
-21.19166666667722,140.5833333330308,-889.80756
-21.19166666667722,140.58749999969746,151.99301
-21.19166666667722,140.59166666636412,1082.2012
-21.19166666667722,140.5958333330308,1787.8777
-21.19166666667722,140.59999999969747,1736.6348
-21.19166666667722,140.60416666636414,1499.2472
-21.19166666667722,140.60833333303083,1223.6259
-21.19166666667722,140.6124999996975,1027.0435
-21.19166666667722,140.61666666636415,1023.0082
-21.19166666667722,140.62083333303082,1138.8798
-21.19166666667722,140.62499999969748,1356.4324
-21.19166666667722,140.62916666636417,1611.3765
-21.19166666667722,140.63333333303083,1796.8069
-21.19166666667722,140.6374999996975,1218.7169
-21.19166666667722,140.6416666663642,542.0168
-21.19166666667722,140.64583333303085,-143.44566
-21.19166666667722,140.6499999996975,-759.8571
-21.19166666667722,140.65416666636418,-1255.7855
-21.19166666667722,140.65833333303084,-1472.218
-21.19166666667722,140.66249999969753,-1537.2548
-21.19166666667722,140.6666666663642,-1511.6064
-21.19166666667722,140.67083333303086,-1463.381
-21.19166666667722,140.67499999969755,-1440.6136
-21.19166666667722,140.6791666663642,-1413.9692
-21.19166666667722,140.68333333303087,-1400.3807
-21.19166666667722,140.68749999969754,-1348.4683
-21.19166666667722,140.6916666663642,-1210.8794
-21.19166666667722,140.6958333330309,-1235.113
-21.19166666667722,140.69999999969755,-1115.3682
-21.19166666667722,140.70416666636422,-828.51685
-21.19166666667722,140.7083333330309,-427.06552
-21.19166666667722,140.71249999969757,-33.348537
-21.19166666667722,140.71666666636423,-366.81418
-21.19166666667722,140.7208333330309,-781.82666
-21.19166666667722,140.72499999969756,-1157.6132
-21.19166666667722,140.72916666636425,-1374.7465
-21.19166666667722,140.7333333330309,-1296.7354
-21.19166666667722,140.73749999969758,-1125.4613
-21.19166666667722,140.74166666636427,-987.96796
-21.19166666667722,140.74583333303093,-910.62555
-21.19166666667722,140.7499999996976,-868.58136
-21.19166666667722,140.75416666636426,-356.77002
-21.19166666667722,140.75833333303092,67.424644
-21.19166666667722,140.7624999996976,347.3323
-21.19166666667722,140.76666666636427,482.72748
-21.19166666667722,140.77083333303094,527.5455
-21.19166666667722,140.77499999969763,694.30896
-21.19166666667722,140.7791666663643,937.85504
-21.19166666667722,140.78333333303095,1156.5751
-21.19166666667722,140.78749999969762,1253.5348
-21.19166666667722,140.79166666636428,1187.7085
-21.19166666667722,140.79583333303097,983.7111
-21.19166666667722,140.79999999969763,711.794
-21.19166666667722,140.8041666663643,444.9917
-21.19166666667722,140.808333333031,238.9363
-21.19583333334389,140.53333333303075,-1881.665
-21.19583333334389,140.53749999969742,-2964.6755
-21.19583333334389,140.5416666663641,-1963.9015
-21.19583333334389,140.54583333303077,-1137.9213
-21.19583333334389,140.54999999969743,-338.21475
-21.19583333334389,140.5541666663641,331.56128
-21.19583333334389,140.55833333303076,928.71765
-21.19583333334389,140.56249999969745,-125.09785
-21.19583333334389,140.5666666663641,-1325.282
-21.19583333334389,140.57083333303078,-2667.753
-21.19583333334389,140.57499999969747,-4314.7354
-21.19583333334389,140.57916666636413,-2678.4792
-21.19583333334389,140.5833333330308,-1340.8585
-21.19583333334389,140.58749999969746,-53.703148
-21.19583333334389,140.59166666636412,1088.29
-21.19583333334389,140.5958333330308,2253.6458
-21.19583333334389,140.59999999969747,1776.0717
-21.19583333334389,140.60416666636414,1368.7468
-21.19583333334389,140.60833333303083,976.6531
-21.19583333334389,140.6124999996975,696.27374
-21.19583333334389,140.61666666636415,806.5266
-21.19583333334389,140.62083333303082,1047.0314
-21.19583333334389,140.62499999969748,1434.2152
-21.19583333334389,140.62916666636417,1936.6277
-21.19583333334389,140.63333333303083,2722.315
-21.19583333334389,140.6374999996975,1509.141
-21.19583333334389,140.6416666663642,548.70685
-21.19583333334389,140.64583333303085,-355.02353
-21.19583333334389,140.6499999996975,-1158.488
-21.19583333334389,140.65416666636418,-1855.3883
-21.19583333334389,140.65833333303084,-2009.2135
-21.19583333334389,140.66249999969753,-2054.3394
-21.19583333334389,140.6666666663642,-2063.0596
-21.19583333334389,140.67083333303086,-2083.78
-21.19583333334389,140.67499999969755,-2093.4875
-21.19583333334389,140.6791666663642,-1803.4036
-21.19583333334389,140.68333333303087,-1450.1215
-21.19583333334389,140.68749999969754,-1025.172
-21.19583333334389,140.6916666663642,-410.21124
-21.19583333334389,140.6958333330309,-657.06256
-21.19583333334389,140.69999999969755,-639.096
-21.19583333334389,140.70416666636422,-376.0714
-21.19583333334389,140.7083333330309,120.88656
-21.19583333334389,140.71249999969757,973.2499
-21.19583333334389,140.71666666636423,-40.14805
-21.19583333334389,140.7208333330309,-780.2816
-21.19583333334389,140.72499999969756,-1408.1072
-21.19583333334389,140.72916666636425,-1858.4531
-21.19583333334389,140.7333333330309,-1760.3049
-21.19583333334389,140.73749999969758,-1616.2025
-21.19583333334389,140.74166666636427,-1587.3899
-21.19583333334389,140.74583333303093,-1692.1986
-21.19583333334389,140.7499999996976,-2061.504
-21.19583333334389,140.75416666636426,-866.5373
-21.19583333334389,140.75833333303092,14.24492
-21.19583333334389,140.7624999996976,686.50073
-21.19583333334389,140.76666666636427,1121.7672
-21.19583333334389,140.77083333303094,1185.157
-21.19583333334389,140.77499999969763,1194.339
-21.19583333334389,140.7791666663643,1184.337
-21.19583333334389,140.78333333303095,1138.5088
-21.19583333334389,140.78749999969762,1033.9844
-21.19583333334389,140.79166666636428,965.5048
-21.19583333334389,140.79583333303097,844.6042
-21.19583333334389,140.79999999969763,701.65753
-21.19583333334389,140.8041666663643,571.5915
-21.19583333334389,140.808333333031,506.35147
-21.20000000001056,140.53333333303075,-1463.0797
-21.20000000001056,140.53749999969742,-1944.8688
-21.20000000001056,140.5416666663641,-1556.0521
-21.20000000001056,140.54583333303077,-997.26044
-21.20000000001056,140.54999999969743,-407.38174
-21.20000000001056,140.5541666663641,42.587463
-21.20000000001056,140.55833333303076,203.79695
-21.20000000001056,140.56249999969745,-423.19553
-21.20000000001056,140.5666666663641,-1330.0563
-21.20000000001056,140.57083333303078,-2273.894
-21.20000000001056,140.57499999969747,-2959.7705
-21.20000000001056,140.57916666636413,-2248.797
-21.20000000001056,140.5833333330308,-1254.2479
-21.20000000001056,140.58749999969746,-197.75133
-21.20000000001056,140.59166666636412,737.84283
-21.20000000001056,140.5958333330308,1437.6576
-21.20000000001056,140.59999999969747,1381.5444
-21.20000000001056,140.60416666636414,1091.3562
-21.20000000001056,140.60833333303083,694.27954
-21.20000000001056,140.6124999996975,189.9093
-21.20000000001056,140.61666666636415,527.8033
-21.20000000001056,140.62083333303082,806.76465
-21.20000000001056,140.62499999969748,1119.9589
-21.20000000001056,140.62916666636417,1406.5747
-21.20000000001056,140.63333333303083,1594.6954
-21.20000000001056,140.6374999996975,973.74097
-21.20000000001056,140.6416666663642,219.19745
-21.20000000001056,140.64583333303085,-631.99097
-21.20000000001056,140.6499999996975,-1523.1913
-21.20000000001056,140.65416666636418,-2569.6206
-21.20000000001056,140.65833333303084,-2382.2935
-21.20000000001056,140.66249999969753,-2344.2144
-21.20000000001056,140.6666666663642,-2377.434
-21.20000000001056,140.67083333303086,-2502.8635
-21.20000000001056,140.67499999969755,-2765.9348
-21.20000000001056,140.6791666663642,-2146.3584
-21.20000000001056,140.68333333303087,-1625.8193
-21.20000000001056,140.68749999969754,-1139.3971
-21.20000000001056,140.6916666663642,-721.3076
-21.20000000001056,140.6958333330309,-678.2405
-21.20000000001056,140.69999999969755,-628.57886
-21.20000000001056,140.70416666636422,-484.03104
-21.20000000001056,140.7083333330309,-247.01862
-21.20000000001056,140.71249999969757,-26.964396
-21.20000000001056,140.71666666636423,-488.85745
-21.20000000001056,140.7208333330309,-1068.2877
-21.20000000001056,140.72499999969756,-1711.4153
-21.20000000001056,140.72916666636425,-2538.6338
-21.20000000001056,140.7333333330309,-2069.9277
-21.20000000001056,140.73749999969758,-1857.8567
-21.20000000001056,140.74166666636427,-1779.961
-21.20000000001056,140.74583333303093,-1762.117
-21.20000000001056,140.7499999996976,-1618.0703
-21.20000000001056,140.75416666636426,-759.28485
-21.20000000001056,140.75833333303092,191.53377
-21.20000000001056,140.7624999996976,1052.1909
-21.20000000001056,140.76666666636427,1802.944
-21.20000000001056,140.77083333303094,1694.65
-21.20000000001056,140.77499999969763,1563.6157
-21.20000000001056,140.7791666663643,1377.3411
-21.20000000001056,140.78333333303095,1151.7186
-21.20000000001056,140.78749999969762,821.0886
-21.20000000001056,140.79166666636428,830.39844
-21.20000000001056,140.79583333303097,758.46326
-21.20000000001056,140.79999999969763,671.91766
-21.20000000001056,140.8041666663643,573.9654
-21.20000000001056,140.808333333031,467.35886
-21.20416666667723,140.53333333303075,-924.4338
-21.20416666667723,140.53749999969742,-1154.092
-21.20416666667723,140.5416666663641,-992.63367
-21.20416666667723,140.54583333303077,-667.3351
-21.20416666667723,140.54999999969743,-306.81607
-21.20416666667723,140.5541666663641,-54.803818
-21.20416666667723,140.55833333303076,-59.89092
-21.20416666667723,140.56249999969745,-492.1223
-21.20416666667723,140.5666666663641,-1116.7896
-21.20416666667723,140.57083333303078,-1718.6151
-21.20416666667723,140.57499999969747,-2040.9106
-21.20416666667723,140.57916666636413,-1660.5725
-21.20416666667723,140.5833333330308,-976.3874
-21.20416666667723,140.58749999969746,-202.36401
-21.20416666667723,140.59166666636412,498.4506
-21.20416666667723,140.5958333330308,990.82324
-21.20416666667723,140.59999999969747,1076.8961
-21.20416666667723,140.60416666636414,944.3656
-21.20416666667723,140.60833333303083,712.6875
-21.20416666667723,140.6124999996975,472.98624
-21.20416666667723,140.61666666636415,523.11176
-21.20416666667723,140.62083333303082,612.30743
-21.20416666667723,140.62499999969748,709.3639
-21.20416666667723,140.62916666636417,763.96906
-21.20416666667723,140.63333333303083,717.14124
-21.20416666667723,140.6374999996975,361.24222
-21.20416666667723,140.6416666663642,-131.51326
-21.20416666667723,140.64583333303085,-728.81146
-21.20416666667723,140.6499999996975,-1371.7678
-21.20416666667723,140.65416666636418,-1984.354
-21.20416666667723,140.65833333303084,-2131.4658
-21.20416666667723,140.66249999969753,-2221.3564
-21.20416666667723,140.6666666663642,-2308.7007
-21.20416666667723,140.67083333303086,-2398.7659
-21.20416666667723,140.67499999969755,-2436.581
-21.20416666667723,140.6791666663642,-2100.7197
-21.20416666667723,140.68333333303087,-1690.8718
-21.20416666667723,140.68749999969754,-1283.3424
-21.20416666667723,140.6916666663642,-969.4611
-21.20416666667723,140.6958333330309,-887.8528
-21.20416666667723,140.69999999969755,-881.95074
-21.20416666667723,140.70416666636422,-874.3016
-21.20416666667723,140.7083333330309,-840.53436
-21.20416666667723,140.71249999969757,-815.0167
-21.20416666667723,140.71666666636423,-975.9901
-21.20416666667723,140.7208333330309,-1205.1556
-21.20416666667723,140.72499999969756,-1483.3081
-21.20416666667723,140.72916666636425,-1792.1432
-21.20416666667723,140.7333333330309,-1720.5751
-21.20416666667723,140.73749999969758,-1698.1562
-21.20416666667723,140.74166666636427,-1715.5394
-21.20416666667723,140.74583333303093,-1677.5865
-21.20416666667723,140.7499999996976,-1393.4861
-21.20416666667723,140.75416666636426,-614.97797
-21.20416666667723,140.75833333303092,338.10214
-21.20416666667723,140.7624999996976,1195.7205
-21.20416666667723,140.76666666636427,1758.4265
-21.20416666667723,140.77083333303094,1828.9053
-21.20416666667723,140.77499999969763,1720.314
-21.20416666667723,140.7791666663643,1518.5522
-21.20416666667723,140.78333333303095,1283.3787
-21.20416666667723,140.78749999969762,1040.0527
-21.20416666667723,140.79166666636428,895.85455
-21.20416666667723,140.79583333303097,775.7419
-21.20416666667723,140.79999999969763,677.5311
-21.20416666667723,140.8041666663643,580.71545
-21.20416666667723,140.808333333031,458.80078
-21.2083333333439,140.53333333303075,-437.9999
-21.2083333333439,140.53749999969742,-479.50342
-21.2083333333439,140.5416666663641,-432.76297
-21.2083333333439,140.54583333303077,-278.95206
-21.2083333333439,140.54999999969743,-86.68596
-21.2083333333439,140.5541666663641,30.700325
-21.2083333333439,140.55833333303076,-84.01944
-21.2083333333439,140.56249999969745,-410.73718
-21.2083333333439,140.5666666663641,-829.0661
-21.2083333333439,140.57083333303078,-1181.2255
-21.2083333333439,140.57499999969747,-1306.3308
-21.2083333333439,140.57916666636413,-1100.4349
-21.2083333333439,140.5833333330308,-658.18536
-21.2083333333439,140.58749999969746,-121.645454
-21.2083333333439,140.59166666636412,377.65076
-21.2083333333439,140.5958333330308,734.9409
-21.2083333333439,140.59999999969747,886.1606
-21.2083333333439,140.60416666636414,879.27454
-21.2083333333439,140.60833333303083,783.3531
-21.2083333333439,140.6124999996975,657.3678
-21.2083333333439,140.61666666636415,554.0094
-21.2083333333439,140.62083333303082,448.52826
-21.2083333333439,140.62499999969748,310.79782
-21.2083333333439,140.62916666636417,120.6082
-21.2083333333439,140.63333333303083,-111.16669
-21.2083333333439,140.6374999996975,-223.11967
-21.2083333333439,140.6416666663642,-413.74442
-21.2083333333439,140.64583333303085,-715.6642
-21.2083333333439,140.6499999996975,-1097.9114
-21.2083333333439,140.65416666636418,-1480.307
-21.2083333333439,140.65833333303084,-1716.5177
-21.2083333333439,140.66249999969753,-1899.3468
-21.2083333333439,140.6666666663642,-2052.588
-21.2083333333439,140.67083333303086,-2161.827
-21.2083333333439,140.67499999969755,-2191.562
-21.2083333333439,140.6791666663642,-2007.2837
-21.2083333333439,140.68333333303087,-1718.926
-21.2083333333439,140.68749999969754,-1404.9307
-21.2083333333439,140.6916666663642,-1162.6913
-21.2083333333439,140.6958333330309,-1149.3639
-21.2083333333439,140.69999999969755,-1241.3513
-21.2083333333439,140.70416666636422,-1384.2312
-21.2083333333439,140.7083333330309,-1534.7881
-21.2083333333439,140.71249999969757,-1633.5487
-21.2083333333439,140.71666666636423,-1440.9117
-21.2083333333439,140.7208333330309,-1226.4572
-21.2083333333439,140.72499999969756,-1081.4797
-21.2083333333439,140.72916666636425,-1052.5608
-21.2083333333439,140.7333333330309,-1158.0254
-21.2083333333439,140.73749999969758,-1344.7614
-21.2083333333439,140.74166666636427,-1537.9679
-21.2083333333439,140.74583333303093,-1602.647
-21.2083333333439,140.7499999996976,-1354.0309
-21.2083333333439,140.75416666636426,-525.3953
-21.2083333333439,140.75833333303092,521.82904
-21.2083333333439,140.7624999996976,1462.0199
-21.2083333333439,140.76666666636427,1875.2112
-21.2083333333439,140.77083333303094,1915.7528
-21.2083333333439,140.77499999969763,1773.312
-21.2083333333439,140.7791666663643,1568.1176
-21.2083333333439,140.78333333303095,1356.209
-21.2083333333439,140.78749999969762,1174.5774
-21.2083333333439,140.79166666636428,968.28644
-21.2083333333439,140.79583333303097,817.34906
-21.2083333333439,140.79999999969763,709.478
-21.2083333333439,140.8041666663643,616.44086
-21.2083333333439,140.808333333031,494.3285
-21.21250000001057,140.53333333303075,-129.25967
-21.21250000001057,140.53749999969742,-8.425015
-21.21250000001057,140.5416666663641,-21.723375
-21.21250000001057,140.54583333303077,43.732403
-21.21250000001057,140.54999999969743,156.45804
-21.21250000001057,140.5541666663641,240.92612
-21.21250000001057,140.55833333303076,41.252052
-21.21250000001057,140.56249999969745,-260.60846
-21.21250000001057,140.5666666663641,-571.2114
-21.21250000001057,140.57083333303078,-784.146
-21.21250000001057,140.57499999969747,-819.45496
-21.21250000001057,140.57916666636413,-690.2996
-21.21250000001057,140.5833333330308,-393.74005
-21.21250000001057,140.58749999969746,-17.103153
-21.21250000001057,140.59166666636412,344.8139
-21.21250000001057,140.5958333330308,617.97327
-21.21250000001057,140.59999999969747,786.00385
-21.21250000001057,140.60416666636414,856.5985
-21.21250000001057,140.60833333303083,864.1585
-21.21250000001057,140.6124999996975,839.0561
-21.21250000001057,140.61666666636415,608.421
-21.21250000001057,140.62083333303082,345.44287
-21.21250000001057,140.62499999969748,8.137541
-21.21250000001057,140.62916666636417,-399.78867
-21.21250000001057,140.63333333303083,-847.3136
-21.21250000001057,140.6374999996975,-661.6322
-21.21250000001057,140.6416666663642,-557.4336
-21.21250000001057,140.64583333303085,-590.1583
-21.21250000001057,140.6499999996975,-756.143
-21.21250000001057,140.65416666636418,-971.19727
-21.21250000001057,140.65833333303084,-1258.1138
-21.21250000001057,140.66249999969753,-1521.0305
-21.21250000001057,140.6666666663642,-1747.8541
-21.21250000001057,140.67083333303086,-1900.5482
-21.21250000001057,140.67499999969755,-1997.932
-21.21250000001057,140.6791666663642,-1949.814
-21.21250000001057,140.68333333303087,-1773.9178
-21.21250000001057,140.68749999969754,-1525.8037
-21.21250000001057,140.6916666663642,-1284.9185
-21.21250000001057,140.6958333330309,-1403.2202
-21.21250000001057,140.69999999969755,-1599.7699
-21.21250000001057,140.70416666636422,-1879.2631
-21.21250000001057,140.7083333330309,-2194.9905
-21.21250000001057,140.71249999969757,-2451.6135
-21.21250000001057,140.71666666636423,-1804.6279
-21.21250000001057,140.7208333330309,-1115.1936
-21.21250000001057,140.72499999969756,-537.8031
-21.21250000001057,140.72916666636425,-172.12971
-21.21250000001057,140.7333333330309,-488.4256
-21.21250000001057,140.73749999969758,-919.6668
-21.21250000001057,140.74166666636427,-1350.3776
-21.21250000001057,140.74583333303093,-1612.2029
-21.21250000001057,140.7499999996976,-1549.4232
-21.21250000001057,140.75416666636426,-522.1851
-21.21250000001057,140.75833333303092,737.9836
-21.21250000001057,140.7624999996976,1909.153
-21.21250000001057,140.76666666636427,2075.9375
-21.21250000001057,140.77083333303094,1967.8789
-21.21250000001057,140.77499999969763,1732.7754
-21.21250000001057,140.7791666663643,1505.4618
-21.21250000001057,140.78333333303095,1323.6625
-21.21250000001057,140.78749999969762,1278.433
-21.21250000001057,140.79166666636428,980.81616
-21.21250000001057,140.79583333303097,823.9199
-21.21250000001057,140.79999999969763,732.991
-21.21250000001057,140.8041666663643,667.9508
-21.21250000001057,140.808333333031,562.4111
-21.21666666667724,140.53333333303075,-16.92781
-21.21666666667724,140.53749999969742,337.05643
-21.21666666667724,140.5416666663641,159.74086
-21.21666666667724,140.54583333303077,185.86432
-21.21666666667724,140.54999999969743,309.32233
-21.21666666667724,140.5541666663641,538.322
-21.21666666667724,140.55833333303076,170.64545
-21.21666666667724,140.56249999969745,-143.01682
-21.21666666667724,140.5666666663641,-404.38416
-21.21666666667724,140.57083333303078,-532.1189
-21.21666666667724,140.57499999969747,-466.82538
-21.21666666667724,140.57916666636413,-427.4175
-21.21666666667724,140.5833333330308,-216.76431
-21.21666666667724,140.58749999969746,72.34679
-21.21666666667724,140.59166666636412,350.66495
-21.21666666667724,140.5958333330308,547.9673
-21.21666666667724,140.59999999969747,717.47644
-21.21666666667724,140.60416666636414,817.3102
-21.21666666667724,140.60833333303083,892.1954
-21.21666666667724,140.6124999996975,1053.694
-21.21666666667724,140.61666666636415,655.4231
-21.21666666667724,140.62083333303082,327.72037
-21.21666666667724,140.62499999969748,-106.060974
-21.21666666667724,140.62916666636417,-690.4157
-21.21666666667724,140.63333333303083,-1704.1978
-21.21666666667724,140.6374999996975,-845.54395
-21.21666666667724,140.6416666663642,-464.77563
-21.21666666667724,140.64583333303085,-317.15768
-21.21666666667724,140.6499999996975,-363.61246
-21.21666666667724,140.65416666636418,-450.05652
-21.21666666667724,140.65833333303084,-834.2763
-21.21666666667724,140.66249999969753,-1179.5247
-21.21666666667724,140.6666666663642,-1497.5149
-21.21666666667724,140.67083333303086,-1753.9609
-21.21666666667724,140.67499999969755,-1938.7368
-21.21666666667724,140.6791666663642,-2009.703
-21.21666666667724,140.68333333303087,-1940.2843
-21.21666666667724,140.68749999969754,-1732.3564
-21.21666666667724,140.6916666663642,-1304.423
-21.21666666667724,140.6958333330309,-1667.4784
-21.21666666667724,140.69999999969755,-1896.7437
-21.21666666667724,140.70416666636422,-2215.0862
-21.21666666667724,140.7083333330309,-2676.1323
-21.21666666667724,140.71249999969757,-3557.8774
-21.21666666667724,140.71666666636423,-2000.4846
-21.21666666667724,140.7208333330309,-832.84753
-21.21666666667724,140.72499999969756,132.03761
-21.21666666667724,140.72916666636425,1024.3094
-21.21666666667724,140.7333333330309,192.12546
-21.21666666667724,140.73749999969758,-511.8041
-21.21666666667724,140.74166666636427,-1187.9001
-21.21666666667724,140.74583333303093,-1708.298
-21.21666666667724,140.7499999996976,-2194.0583
-21.21666666667724,140.75416666636426,-639.00104
-21.21666666667724,140.75833333303092,947.9383
-21.21666666667724,140.7624999996976,2784.9626
-21.21666666667724,140.76666666636427,2284.3845
-21.21666666667724,140.77083333303094,1939.7942
-21.21666666667724,140.77499999969763,1569.0956
-21.21666666667724,140.7791666663643,1274.651
-21.21666666667724,140.78333333303095,1029.6367
-21.21666666667724,140.78749999969762,895.42413
-21.21666666667724,140.79166666636428,760.98004
-21.21666666667724,140.79583333303097,719.85767
-21.21666666667724,140.79999999969763,719.46576
-21.21666666667724,140.8041666663643,728.4122
-21.21666666667724,140.808333333031,694.0808
-21.22083333334391,140.53333333303075,-240.54832
-21.22083333334391,140.53749999969742,-128.23718
-21.22083333334391,140.5416666663641,-110.84535
-21.22083333334391,140.54583333303077,-9.059103
-21.22083333334391,140.54999999969743,130.15775
-21.22083333334391,140.5541666663641,239.93518
-21.22083333334391,140.55833333303076,80.300964
-21.22083333334391,140.56249999969745,-155.46599
-21.22083333334391,140.5666666663641,-379.35626
-21.22083333334391,140.57083333303078,-508.96664
-21.22083333334391,140.57499999969747,-499.0998
-21.22083333334391,140.57916666636413,-384.57864
-21.22083333334391,140.5833333330308,-151.00809
-21.22083333334391,140.58749999969746,139.03001
-21.22083333334391,140.59166666636412,409.11575
-21.22083333334391,140.5958333330308,595.8768
-21.22083333334391,140.59999999969747,679.41016
-21.22083333334391,140.60416666636414,687.80444
-21.22083333334391,140.60833333303083,669.2354
-21.22083333334391,140.6124999996975,665.84766
-21.22083333334391,140.61666666636415,513.57385
-21.22083333334391,140.62083333303082,373.33395
-21.22083333334391,140.62499999969748,195.15976
-21.22083333334391,140.62916666636417,-32.79582
-21.22083333334391,140.63333333303083,-319.79932
-21.22083333334391,140.6374999996975,-57.127197
-21.22083333334391,140.6416666663642,99.6438
-21.22083333334391,140.64583333303085,127.5657
-21.22083333334391,140.6499999996975,23.84596
-21.22083333334391,140.65416666636418,-168.84596
-21.22083333334391,140.65833333303084,-523.7053
-21.22083333334391,140.66249999969753,-913.6347
-21.22083333334391,140.6666666663642,-1304.2822
-21.22083333334391,140.67083333303086,-1662.071
-21.22083333334391,140.67499999969755,-1966.3202
-21.22083333334391,140.6791666663642,-2196.9102
-21.22083333334391,140.68333333303087,-2327.3386
-21.22083333334391,140.68749999969754,-2341.717
-21.22083333334391,140.6916666663642,-2221.7083
-21.22083333334391,140.6958333330309,-2223.516
-21.22083333334391,140.69999999969755,-2149.8042
-21.22083333334391,140.70416666636422,-2096.9497
-21.22083333334391,140.7083333330309,-2094.9883
-21.22083333334391,140.71249999969757,-2103.553
-21.22083333334391,140.71666666636423,-1205.1465
-21.22083333334391,140.7208333330309,-275.80893
-21.22083333334391,140.72499999969756,466.5754
-21.22083333334391,140.72916666636425,836.80585
-21.22083333334391,140.7333333330309,369.30008
-21.22083333334391,140.73749999969758,-277.63464
-21.22083333334391,140.74166666636427,-925.11346
-21.22083333334391,140.74583333303093,-1380.9144
-21.22083333334391,140.7499999996976,-1484.458
-21.22083333334391,140.75416666636426,-591.1651
-21.22083333334391,140.75833333303092,558.01184
-21.22083333334391,140.7624999996976,1636.3763
-21.22083333334391,140.76666666636427,1725.9473
-21.22083333334391,140.77083333303094,1555.3936
-21.22083333334391,140.77499999969763,1237.0809
-21.22083333334391,140.7791666663643,900.0892
-21.22083333334391,140.78333333303095,605.2218
-21.22083333334391,140.78749999969762,442.20468
-21.22083333334391,140.79166666636428,434.40747
-21.22083333334391,140.79583333303097,539.129
-21.22083333334391,140.79999999969763,670.756
-21.22083333334391,140.8041666663643,762.0696
-21.22083333334391,140.808333333031,745.8426
-21.22500000001058,140.53333333303075,-527.6904
-21.22500000001058,140.53749999969742,-628.25726
-21.22500000001058,140.5416666663641,-534.5367
-21.22500000001058,140.54583333303077,-345.913
-21.22500000001058,140.54999999969743,-139.61124
-21.22500000001058,140.5541666663641,1.9830326
-21.22500000001058,140.55833333303076,-31.333395
-21.22500000001058,140.56249999969745,-222.0588
-21.22500000001058,140.5666666663641,-443.08203
-21.22500000001058,140.57083333303078,-604.6272
-21.22500000001058,140.57499999969747,-635.13153
-21.22500000001058,140.57916666636413,-455.3466
-21.22500000001058,140.5833333330308,-156.90443
-21.22500000001058,140.58749999969746,188.1451
-21.22500000001058,140.59166666636412,502.3911
-21.22500000001058,140.5958333330308,703.6239
-21.22500000001058,140.59999999969747,665.7873
-21.22500000001058,140.60416666636414,523.7814
-21.22500000001058,140.60833333303083,364.9279
-21.22500000001058,140.6124999996975,264.7185
-21.22500000001058,140.61666666636415,308.17374
-21.22500000001058,140.62083333303082,437.54086
-21.22500000001058,140.62499999969748,619.7694
-21.22500000001058,140.62916666636417,815.60016
-21.22500000001058,140.63333333303083,965.80133
-21.22500000001058,140.6374999996975,938.58057
-21.22500000001058,140.6416666663642,829.8465
-21.22500000001058,140.64583333303085,669.0935
-21.22500000001058,140.6499999996975,459.50803
-21.22500000001058,140.65416666636418,179.9942
-21.22500000001058,140.65833333303084,-219.26039
-21.22500000001058,140.66249999969753,-670.5878
-21.22500000001058,140.6666666663642,-1139.7156
-21.22500000001058,140.67083333303086,-1603.6171
-21.22500000001058,140.67499999969755,-2037.193
-21.22500000001058,140.6791666663642,-2440.4778
-21.22500000001058,140.68333333303087,-2798.7224
-21.22500000001058,140.68749999969754,-3062.546
-21.22500000001058,140.6916666663642,-3136.635
-21.22500000001058,140.6958333330309,-2831.9272
-21.22500000001058,140.69999999969755,-2342.6833
-21.22500000001058,140.70416666636422,-1798.5087
-21.22500000001058,140.7083333330309,-1294.6047
-21.22500000001058,140.71249999969757,-981.5402
-21.22500000001058,140.71666666636423,-318.94342
-21.22500000001058,140.7208333330309,401.77344
-21.22500000001058,140.72499999969756,950.766
-21.22500000001058,140.72916666636425,1007.92346
-21.22500000001058,140.7333333330309,561.3457
-21.22500000001058,140.73749999969758,-76.095825
-21.22500000001058,140.74166666636427,-711.47266
-21.22500000001058,140.74583333303093,-1175.0238
-21.22500000001058,140.7499999996976,-1284.4752
-21.22500000001058,140.75416666636426,-716.7779
-21.22500000001058,140.75833333303092,105.97172
-21.22500000001058,140.7624999996976,860.3881
-21.22500000001058,140.76666666636427,1130.6959
-21.22500000001058,140.77083333303094,1110.6074
-21.22500000001058,140.77499999969763,833.5737
-21.22500000001058,140.7791666663643,446.21164
-21.22500000001058,140.78333333303095,60.53092
-21.22500000001058,140.78749999969762,-179.02945
-21.22500000001058,140.79166666636428,2.8230357
-21.22500000001058,140.79583333303097,316.49185
-21.22500000001058,140.79999999969763,628.693
-21.22500000001058,140.8041666663643,852.6383
-21.22500000001058,140.808333333031,923.2886
-21.22916666667725,140.53333333303075,-780.0152
-21.22916666667725,140.53749999969742,-1155.962
-21.22916666667725,140.5416666663641,-968.6091
-21.22916666667725,140.54583333303077,-687.87427
-21.22916666667725,140.54999999969743,-400.04236
-21.22916666667725,140.5541666663641,-189.59981
-21.22916666667725,140.55833333303076,-101.091644
-21.22916666667725,140.56249999969745,-302.17026
-21.22916666667725,140.5666666663641,-557.52515
-21.22916666667725,140.57083333303078,-782.5814
-21.22916666667725,140.57499999969747,-897.34015
-21.22916666667725,140.57916666636413,-606.9441
-21.22916666667725,140.5833333330308,-213.78621
-21.22916666667725,140.58749999969746,218.09544
-21.22916666667725,140.59166666636412,612.34845
-21.22916666667725,140.5958333330308,887.4215
-21.22916666667725,140.59999999969747,678.01135
-21.22916666667725,140.60416666636414,348.43283
-21.22916666667725,140.60833333303083,11.819356
-21.22916666667725,140.6124999996975,-228.63107
-21.22916666667725,140.61666666636415,20.253725
-21.22916666667725,140.62083333303082,419.16528
-21.22916666667725,140.62499999969748,969.13116
-21.22916666667725,140.62916666636417,1608.3357
-21.22916666667725,140.63333333303083,2251.078
-21.22916666667725,140.6374999996975,1878.2815
-21.22916666667725,140.6416666663642,1492.6637
-21.22916666667725,140.64583333303085,1157.9199
-21.22916666667725,140.6499999996975,874.2651
-21.22916666667725,140.65416666636418,555.9859
-21.22916666667725,140.65833333303084,98.03423
-21.22916666667725,140.66249999969753,-416.25864
-21.22916666667725,140.6666666663642,-958.1539
-21.22916666667725,140.67083333303086,-1514.9402
-21.22916666667725,140.67499999969755,-2050.349
-21.22916666667725,140.6791666663642,-2614.2266
-21.22916666667725,140.68333333303087,-3209.8628
-21.22916666667725,140.68749999969754,-3762.1323
-21.22916666667725,140.6916666663642,-4119.132
-21.22916666667725,140.6958333330309,-3449.2603
-21.22916666667725,140.69999999969755,-2518.4287
-21.22916666667725,140.70416666636422,-1477.074
-21.22916666667725,140.7083333330309,-445.67126
-21.22916666667725,140.71249999969757,-76.388596
-21.22916666667725,140.71666666636423,433.01187
-21.22916666667725,140.7208333330309,1027.4941
-21.22916666667725,140.72499999969756,1528.9727
-21.22916666667725,140.72916666636425,1309.6698
-21.22916666667725,140.7333333330309,785.7977
-21.22916666667725,140.73749999969758,116.97415
-21.22916666667725,140.74166666636427,-548.1391
-21.22916666667725,140.74583333303093,-1085.3901
-21.22916666667725,140.7499999996976,-1347.5942
-21.22916666667725,140.75416666636426,-951.1752
-21.22916666667725,140.75833333303092,-350.1723
-21.22916666667725,140.7624999996976,228.58345
-21.22916666667725,140.76666666636427,588.9707
-21.22916666667725,140.77083333303094,711.10114
-21.22916666667725,140.77499999969763,448.67328
-21.22916666667725,140.7791666663643,4.069978
-21.22916666667725,140.78333333303095,-503.27362
-21.22916666667725,140.78749999969762,-918.94025
-21.22916666667725,140.79166666636428,-436.80942
-21.22916666667725,140.79583333303097,122.45604
-21.22916666667725,140.79999999969763,633.40936
-21.22916666667725,140.8041666663643,1001.85657
-21.22916666667725,140.808333333031,1202.3868
-21.23333333334392,140.53333333303075,-916.4405
-21.23333333334392,140.53749999969742,-1786.6013
-21.23333333334392,140.5416666663641,-1279.7726
-21.23333333334392,140.54583333303077,-915.79095
-21.23333333334392,140.54999999969743,-582.6944
-21.23333333334392,140.5541666663641,-321.11578
-21.23333333334392,140.55833333303076,-53.909904
-21.23333333334392,140.56249999969745,-388.25278
-21.23333333334392,140.5666666663641,-692.38763
-21.23333333334392,140.57083333303078,-990.0322
-21.23333333334392,140.57499999969747,-1329.8744
-21.23333333334392,140.57916666636413,-786.6233
-21.23333333334392,140.5833333330308,-300.17715
-21.23333333334392,140.58749999969746,204.06923
-21.23333333334392,140.59166666636412,697.05835
-21.23333333334392,140.5958333330308,1252.0819
-21.23333333334392,140.59999999969747,695.434
-21.23333333334392,140.60416666636414,170.49573
-21.23333333334392,140.60833333303083,-359.9813
-21.23333333334392,140.6124999996975,-953.5876
-21.23333333334392,140.61666666636415,-365.162
-21.23333333334392,140.62083333303082,221.22536
-21.23333333334392,140.62499999969748,1024.8033
-21.23333333334392,140.62916666636417,2059.837
-21.23333333334392,140.63333333303083,3683.5913
-21.23333333334392,140.6374999996975,2460.4158
-21.23333333334392,140.6416666663642,1827.8994
-21.23333333334392,140.64583333303085,1428.7139
-21.23333333334392,140.6499999996975,1190.3635
-21.23333333334392,140.65416666636418,945.4931
-21.23333333334392,140.65833333303084,412.54224
-21.23333333334392,140.66249999969753,-147.03813
-21.23333333334392,140.6666666663642,-736.63196
-21.23333333334392,140.67083333303086,-1376.3333
-21.23333333334392,140.67499999969755,-1940.3386
-21.23333333334392,140.6791666663642,-2594.6482
-21.23333333334392,140.68333333303087,-3380.6604
-21.23333333334392,140.68749999969754,-4260.0234
-21.23333333334392,140.6916666663642,-5367.001
-21.23333333334392,140.6958333330309,-3996.8364
-21.23333333334392,140.69999999969755,-2701.4292
-21.23333333334392,140.70416666636422,-1267.7831
-21.23333333334392,140.7083333330309,520.97906
-21.23333333334392,140.71249999969757,400.88718
-21.23333333334392,140.71666666636423,787.3262
-21.23333333334392,140.7208333330309,1402.1666
-21.23333333334392,140.72499999969756,2251.3794
-21.23333333334392,140.72916666636425,1602.8903
-21.23333333334392,140.7333333330309,976.311
-21.23333333334392,140.73749999969758,285.86597
-21.23333333334392,140.74166666636427,-400.4933
-21.23333333334392,140.74583333303093,-1052.463
-21.23333333334392,140.7499999996976,-1685.9622
-21.23333333334392,140.75416666636426,-1200.2087
-21.23333333334392,140.75833333303092,-721.45526
-21.23333333334392,140.7624999996976,-250.35693
-21.23333333334392,140.76666666636427,136.51427
-21.23333333334392,140.77083333303094,484.75775
-21.23333333334392,140.77499999969763,168.42332
-21.23333333334392,140.7791666663643,-294.9012
-21.23333333334392,140.78333333303095,-931.2302
-21.23333333334392,140.78749999969762,-1938.7556
-21.23333333334392,140.79166666636428,-729.0149
-21.23333333334392,140.79583333303097,80.01198
-21.23333333334392,140.79999999969763,725.494
-21.23333333334392,140.8041666663643,1194.4308
-21.23333333334392,140.808333333031,1683.3671
-21.23750000001059,140.53333333303075,-529.3873
-21.23750000001059,140.53749999969742,-1060.1215
-21.23750000001059,140.5416666663641,-1014.80273
-21.23750000001059,140.54583333303077,-870.0928
-21.23750000001059,140.54999999969743,-703.6526
-21.23750000001059,140.5541666663641,-575.6863
-21.23750000001059,140.55833333303076,-498.4317
-21.23750000001059,140.56249999969745,-645.0915
-21.23750000001059,140.5666666663641,-814.303
-21.23750000001059,140.57083333303078,-954.0605
-21.23750000001059,140.57499999969747,-1011.6284
-21.23750000001059,140.57916666636413,-716.573
-21.23750000001059,140.5833333330308,-348.9614
-21.23750000001059,140.58749999969746,46.37998
-21.23750000001059,140.59166666636412,401.38766
-21.23750000001059,140.5958333330308,636.54083
-21.23750000001059,140.59999999969747,385.6046
-21.23750000001059,140.60416666636414,-1.6183283
-21.23750000001059,140.60833333303083,-411.89682
-21.23750000001059,140.6124999996975,-722.64764
-21.23750000001059,140.61666666636415,-511.7752
-21.23750000001059,140.62083333303082,-129.73727
-21.23750000001059,140.62499999969748,420.71082
-21.23750000001059,140.62916666636417,1086.559
-21.23750000001059,140.63333333303083,1806.1066
-21.23750000001059,140.6374999996975,1590.0011
-21.23750000001059,140.6416666663642,1423.8575
-21.23750000001059,140.64583333303085,1333.2874
-21.23750000001059,140.6499999996975,1256.8114
-21.23750000001059,140.65416666636418,1042.436
-21.23750000001059,140.65833333303084,624.2135
-21.23750000001059,140.66249999969753,117.298676
-21.23750000001059,140.6666666663642,-434.20096
-21.23750000001059,140.67083333303086,-1020.9193
-21.23750000001059,140.67499999969755,-1615.0284
-21.23750000001059,140.6791666663642,-2277.2224
-21.23750000001059,140.68333333303087,-3011.6772
-21.23750000001059,140.68749999969754,-3728.5237
-21.23750000001059,140.6916666663642,-4251.1
-21.23750000001059,140.6958333330309,-3719.325
-21.23750000001059,140.69999999969755,-2878.1064
-21.23750000001059,140.70416666636422,-1855.3091
-21.23750000001059,140.7083333330309,-757.266
-21.23750000001059,140.71249999969757,-244.39441
-21.23750000001059,140.71666666636423,340.5675
-21.23750000001059,140.7208333330309,966.0998
-21.23750000001059,140.72499999969756,1495.4651
-21.23750000001059,140.72916666636425,1340.1643
-21.23750000001059,140.7333333330309,941.2383
-21.23750000001059,140.73749999969758,406.27792
-21.23750000001059,140.74166666636427,-165.01625
-21.23750000001059,140.74583333303093,-700.7934
-21.23750000001059,140.7499999996976,-1113.8629
-21.23750000001059,140.75416666636426,-1072.6495
-21.23750000001059,140.75833333303092,-902.81335
-21.23750000001059,140.7624999996976,-668.03436
-21.23750000001059,140.76666666636427,-403.11362
-21.23750000001059,140.77083333303094,-127.50125
-21.23750000001059,140.77499999969763,-95.13155
-21.23750000001059,140.7791666663643,-196.99457
-21.23750000001059,140.78333333303095,-389.2544
-21.23750000001059,140.78749999969762,-586.69635
-21.23750000001059,140.79166666636428,-45.11607
-21.23750000001059,140.79583333303097,463.42398
-21.23750000001059,140.79999999969763,862.0818
-21.23750000001059,140.8041666663643,1093.3348
-21.23750000001059,140.808333333031,1154.8134
-21.24166666667726,140.53333333303075,-107.73226
-21.24166666667726,140.53749999969742,-508.79984
-21.24166666667726,140.5416666663641,-657.5683
-21.24166666667726,140.54583333303077,-716.9427
-21.24166666667726,140.54999999969743,-754.54724
-21.24166666667726,140.5541666663641,-801.5869
-21.24166666667726,140.55833333303076,-859.32996
-21.24166666667726,140.56249999969745,-928.4544
-21.24166666667726,140.5666666663641,-965.7545
-21.24166666667726,140.57083333303078,-941.27496
-21.24166666667726,140.57499999969747,-838.0967
-21.24166666667726,140.57916666636413,-664.1089
-21.24166666667726,140.5833333330308,-426.14987
-21.24166666667726,140.58749999969746,-157.9672
-21.24166666667726,140.59166666636412,81.46847
-21.24166666667726,140.5958333330308,211.19006
-21.24166666667726,140.59999999969747,92.93973
-21.24166666667726,140.60416666636414,-160.5825
-21.24166666667726,140.60833333303083,-464.96094
-21.24166666667726,140.6124999996975,-712.75244
-21.24166666667726,140.61666666636415,-718.30237
-21.24166666667726,140.62083333303082,-615.386
-21.24166666667726,140.62499999969748,-450.50717
-21.24166666667726,140.62916666636417,-237.05908
-21.24166666667726,140.63333333303083,30.286116
-21.24166666667726,140.6374999996975,338.1307
-21.24166666667726,140.6416666663642,696.23517
-21.24166666667726,140.64583333303085,1050.3252
-21.24166666667726,140.6499999996975,1281.9382
-21.24166666667726,140.65416666636418,1153.1038
-21.24166666667726,140.65833333303084,812.7234
-21.24166666667726,140.66249999969753,373.5473
-21.24166666667726,140.6666666663642,-110.65625
-21.24166666667726,140.67083333303086,-628.7857
-21.24166666667726,140.67499999969755,-1183.1604
-21.24166666667726,140.6791666663642,-1787.1189
-21.24166666667726,140.68333333303087,-2423.956
-21.24166666667726,140.68749999969754,-3014.4326
-21.24166666667726,140.6916666663642,-3418.656
-21.24166666667726,140.6958333330309,-3377.9702
-21.24166666667726,140.69999999969755,-3073.3972
-21.24166666667726,140.70416666636422,-2582.6304
-21.24166666667726,140.7083333330309,-1956.1675
-21.24166666667726,140.71249999969757,-1234.3888
-21.24166666667726,140.71666666636423,-448.6981
-21.24166666667726,140.7208333330309,307.66537
-21.24166666667726,140.72499999969756,882.4756
-21.24166666667726,140.72916666636425,1023.57715
-21.24166666667726,140.7333333330309,847.92773
-21.24166666667726,140.73749999969758,491.30017
-21.24166666667726,140.74166666636427,65.094376
-21.24166666667726,140.74583333303093,-349.56808
-21.24166666667726,140.7499999996976,-691.4345
-21.24166666667726,140.75416666636426,-883.782
-21.24166666667726,140.75833333303092,-987.26044
-21.24166666667726,140.7624999996976,-1008.79333
-21.24166666667726,140.76666666636427,-918.4098
-21.24166666667726,140.77083333303094,-562.35956
-21.24166666667726,140.77499999969763,-221.56062
-21.24166666667726,140.7791666663643,83.97562
-21.24166666667726,140.78333333303095,346.63403
-21.24166666667726,140.78749999969762,585.4597
-21.24166666667726,140.79166666636428,826.10046
-21.24166666667726,140.79583333303097,1005.75616
-21.24166666667726,140.79999999969763,1084.7614
-21.24166666667726,140.8041666663643,1035.2717
-21.24166666667726,140.808333333031,824.9675
-21.24583333334393,140.53333333303075,250.71104
-21.24583333334393,140.53749999969742,-63.051495
-21.24583333334393,140.5416666663641,-312.6916
-21.24583333334393,140.54583333303077,-537.5762
-21.24583333334393,140.54999999969743,-770.03436
-21.24583333334393,140.5541666663641,-1007.7615
-21.24583333334393,140.55833333303076,-1217.4163
-21.24583333334393,140.56249999969745,-1250.4604
-21.24583333334393,140.5666666663641,-1184.6788
-21.24583333334393,140.57083333303078,-1015.4713
-21.24583333334393,140.57499999969747,-757.1347
-21.24583333334393,140.57916666636413,-694.95795
-21.24583333334393,140.5833333330308,-565.18823
-21.24583333334393,140.58749999969746,-392.4261
-21.24583333334393,140.59166666636412,-230.06549
-21.24583333334393,140.5958333330308,-148.78168
-21.24583333334393,140.59999999969747,-147.02274
-21.24583333334393,140.60416666636414,-275.92795
-21.24583333334393,140.60833333303083,-499.00873
-21.24583333334393,140.6124999996975,-746.9404
-21.24583333334393,140.61666666636415,-906.23773
-21.24583333334393,140.62083333303082,-1078.064
-21.24583333334393,140.62499999969748,-1320.142
-21.24583333334393,140.62916666636417,-1595.9674
-21.24583333334393,140.63333333303083,-1802.4427
-21.24583333334393,140.6374999996975,-1001.8858
-21.24583333334393,140.6416666663642,-110.68355
-21.24583333334393,140.64583333303085,728.91675
-21.24583333334393,140.6499999996975,1364.321
-21.24583333334393,140.65416666636418,1264.2472
-21.24583333334393,140.65833333303084,972.292
-21.24583333334393,140.66249999969753,604.99854
-21.24583333334393,140.6666666663642,213.9314
-21.24583333334393,140.67083333303086,-209.87343
-21.24583333334393,140.67499999969755,-696.6477
-21.24583333334393,140.6791666663642,-1232.2621
-21.24583333334393,140.68333333303087,-1781.6628
-21.24583333334393,140.68749999969754,-2284.4
-21.24583333334393,140.6916666663642,-2668.0044
-21.24583333334393,140.6958333330309,-3043.9915
-21.24583333334393,140.69999999969755,-3263.81
-21.24583333334393,140.70416666636422,-3326.194
-21.24583333334393,140.7083333330309,-3206.828
-21.24583333334393,140.71249999969757,-2299.6077
-21.24583333334393,140.71666666636423,-1307.5869
-21.24583333334393,140.7208333330309,-365.26846
-21.24583333334393,140.72499999969756,374.65555
-21.24583333334393,140.72916666636425,792.91815
-21.24583333334393,140.7333333330309,774.00165
-21.24583333334393,140.73749999969758,551.8858
-21.24583333334393,140.74166666636427,254.21889
-21.24583333334393,140.74583333303093,-37.559658
-21.24583333334393,140.7499999996976,-300.89722
-21.24583333334393,140.75416666636426,-665.15765
-21.24583333334393,140.75833333303092,-1006.6309
-21.24583333334393,140.7624999996976,-1283.1646
-21.24583333334393,140.76666666636427,-1426.1989
-21.24583333334393,140.77083333303094,-895.5945
-21.24583333334393,140.77499999969763,-265.8724
-21.24583333334393,140.7791666663643,416.8042
-21.24583333334393,140.78333333303095,1093.2389
-21.24583333334393,140.78749999969762,1730.4227
-21.24583333334393,140.79166666636428,1676.1857
-21.24583333334393,140.79583333303097,1538.3132
-21.24583333334393,140.79999999969763,1320.4133
-21.24583333334393,140.8041666663643,1023.6322
-21.24583333334393,140.808333333031,590.5261
-21.2500000000106,140.53333333303075,515.0784
-21.2500000000106,140.53749999969742,275.93396
-21.2500000000106,140.5416666663641,-25.846657
-21.2500000000106,140.54583333303077,-371.81744
-21.2500000000106,140.54999999969743,-772.8701
-21.2500000000106,140.5541666663641,-1204.0198
-21.2500000000106,140.55833333303076,-1650.4225
-21.2500000000106,140.56249999969745,-1630.3094
-21.2500000000106,140.5666666663641,-1511.0369
-21.2500000000106,140.57083333303078,-1227.7236
-21.2500000000106,140.57499999969747,-675.26917
-21.2500000000106,140.57916666636413,-864.74207
-21.2500000000106,140.5833333330308,-806.66925
-21.2500000000106,140.58749999969746,-656.277
-21.2500000000106,140.59166666636412,-490.69034
-21.2500000000106,140.5958333330308,-406.17874
-21.2500000000106,140.59999999969747,-275.08286
-21.2500000000106,140.60416666636414,-296.43127
-21.2500000000106,140.60833333303083,-464.5599
-21.2500000000106,140.6124999996975,-768.88947
-21.2500000000106,140.61666666636415,-978.3263
-21.2500000000106,140.62083333303082,-1336.3115
-21.2500000000106,140.62499999969748,-1918.2322
-21.2500000000106,140.62916666636417,-2692.145
-21.2500000000106,140.63333333303083,-3870.8542
-21.2500000000106,140.6374999996975,-2170.1575
-21.2500000000106,140.6416666663642,-802.8746
-21.2500000000106,140.64583333303085,466.80273
-21.2500000000106,140.6499999996975,1733.3618
-21.2500000000106,140.65416666636418,1333.0941
-21.2500000000106,140.65833333303084,1042.558
-21.2500000000106,140.66249999969753,770.3868
-21.2500000000106,140.6666666663642,513.07086
-21.2500000000106,140.67083333303086,221.38487
-21.2500000000106,140.67499999969755,-200.83806
-21.2500000000106,140.6791666663642,-679.978
-21.2500000000106,140.68333333303087,-1181.298
-21.2500000000106,140.68749999969754,-1636.8469
-21.2500000000106,140.6916666663642,-1933.9419
-21.2500000000106,140.6958333330309,-2728.9414
-21.2500000000106,140.69999999969755,-3380.3962
-21.2500000000106,140.70416666636422,-3949.5825
-21.2500000000106,140.7083333330309,-4642.6855
-21.2500000000106,140.71249999969757,-3235.1152
-21.2500000000106,140.71666666636423,-2032.8616
-21.2500000000106,140.7208333330309,-908.20807
-21.2500000000106,140.72499999969756,21.654003
-21.2500000000106,140.72916666636425,708.202
-21.2500000000106,140.7333333330309,714.1529
-21.2500000000106,140.73749999969758,556.9723
-21.2500000000106,140.74166666636427,350.1108
-21.2500000000106,140.74583333303093,185.37053
-21.2500000000106,140.7499999996976,99.224304
-21.2500000000106,140.75416666636426,-429.7753
-21.2500000000106,140.75833333303092,-937.47906
-21.2500000000106,140.7624999996976,-1446.8015
-21.2500000000106,140.76666666636427,-2112.0352
-21.2500000000106,140.77083333303094,-1114.926
-21.2500000000106,140.77499999969763,-262.23776
-21.2500000000106,140.7791666663643,671.92645
-21.2500000000106,140.78333333303095,1667.1754
-21.2500000000106,140.78749999969762,2967.555
-21.2500000000106,140.79166666636428,2300.244
-21.2500000000106,140.79583333303097,1889.7992
-21.2500000000106,140.79999999969763,1478.5991
-21.2500000000106,140.8041666663643,1051.9811
-21.2500000000106,140.808333333031,456.71228
-21.25416666667727,140.53333333303075,709.8922
-21.25416666667727,140.53749999969742,542.4899
-21.25416666667727,140.5416666663641,224.77744
-21.25416666667727,140.54583333303077,-211.55817
-21.25416666667727,140.54999999969743,-731.72064
-21.25416666667727,140.5541666663641,-1275.5139
-21.25416666667727,140.55833333303076,-1756.151
-21.25416666667727,140.56249999969745,-1972.223
-21.25416666667727,140.5666666663641,-2015.6918
-21.25416666667727,140.57083333303078,-1894.2771
-21.25416666667727,140.57499999969747,-1623.5455
-21.25416666667727,140.57916666636413,-1494.8486
-21.25416666667727,140.5833333330308,-1250.5115
-21.25416666667727,140.58749999969746,-954.12244
-21.25416666667727,140.59166666636412,-693.795
-21.25416666667727,140.5958333330308,-658.30304
-21.25416666667727,140.59999999969747,-262.65143
-21.25416666667727,140.60416666636414,-157.35721
-21.25416666667727,140.60833333303083,-230.48766
-21.25416666667727,140.6124999996975,-448.38565
-21.25416666667727,140.61666666636415,-742.2723
-21.25416666667727,140.62083333303082,-1210.2263
-21.25416666667727,140.62499999969748,-1840.1069
-21.25416666667727,140.62916666636417,-2502.2957
-21.25416666667727,140.63333333303083,-2970.8813
-21.25416666667727,140.6374999996975,-2186.4854
-21.25416666667727,140.6416666663642,-1168.5356
-21.25416666667727,140.64583333303085,-147.31151
-21.25416666667727,140.6499999996975,689.6187
-21.25416666667727,140.65416666636418,826.4044
-21.25416666667727,140.65833333303084,841.5217
-21.25416666667727,140.66249999969753,814.28503
-21.25416666667727,140.6666666663642,750.8477
-21.25416666667727,140.67083333303086,601.38947
-21.25416666667727,140.67499999969755,300.2615
-21.25416666667727,140.6791666663642,-148.23705
-21.25416666667727,140.68333333303087,-689.4806
-21.25416666667727,140.68749999969754,-1262.343
-21.25416666667727,140.6916666663642,-1834.2148
-21.25416666667727,140.6958333330309,-2567.9512
-21.25416666667727,140.69999999969755,-3253.9658
-21.25416666667727,140.70416666636422,-3794.2861
-21.25416666667727,140.7083333330309,-4061.9507
-21.25416666667727,140.71249999969757,-3335.6082
-21.25416666667727,140.71666666636423,-2372.049
-21.25416666667727,140.7208333330309,-1296.2645
-21.25416666667727,140.72499999969756,-242.32936
-21.25416666667727,140.72916666636425,873.0942
-21.25416666667727,140.7333333330309,601.6828
-21.25416666667727,140.73749999969758,425.70117
-21.25416666667727,140.74166666636427,263.9971
-21.25416666667727,140.74583333303093,148.05383
-21.25416666667727,140.7499999996976,13.268732
-21.25416666667727,140.75416666636426,-301.66675
-21.25416666667727,140.75833333303092,-662.2686
-21.25416666667727,140.7624999996976,-993.1455
-21.25416666667727,140.76666666636427,-1208.8937
-21.25416666667727,140.77083333303094,-745.3384
-21.25416666667727,140.77499999969763,-122.73443
-21.25416666667727,140.7791666663643,619.32043
-21.25416666667727,140.78333333303095,1388.4198
-21.25416666667727,140.78749999969762,2092.1777
-21.25416666667727,140.79166666636428,2004.9391
-21.25416666667727,140.79583333303097,1793.5648
-21.25416666667727,140.79999999969763,1503.0527
-21.25416666667727,140.8041666663643,1148.5524
-21.25416666667727,140.808333333031,663.91705
-21.25833333334394,140.53333333303075,902.91644
-21.25833333334394,140.53749999969742,864.5351
-21.25833333334394,140.5416666663641,506.72412
-21.25833333334394,140.54583333303077,-29.84707
-21.25833333334394,140.54999999969743,-673.587
-21.25833333334394,140.5541666663641,-1349.114
-21.25833333334394,140.55833333303076,-1966.8395
-21.25833333334394,140.56249999969745,-2369.5156
-21.25833333334394,140.5666666663641,-2613.7175
-21.25833333334394,140.57083333303078,-2686.8354
-21.25833333334394,140.57499999969747,-2557.703
-21.25833333334394,140.57916666636413,-2254.573
-21.25833333334394,140.5833333330308,-1770.5771
-21.25833333334394,140.58749999969746,-1184.3049
-21.25833333334394,140.59166666636412,-598.40857
-21.25833333334394,140.5958333330308,-141.96611
-21.25833333334394,140.59999999969747,98.59763
-21.25833333334394,140.60416666636414,164.50352
-21.25833333334394,140.60833333303083,119.729774
-21.25833333334394,140.6124999996975,-31.485867
-21.25833333334394,140.61666666636415,-318.45734
-21.25833333334394,140.62083333303082,-824.09265
-21.25833333334394,140.62499999969748,-1467.461
-21.25833333334394,140.62916666636417,-2078.1887
-21.25833333334394,140.63333333303083,-2407.8025
-21.25833333334394,140.6374999996975,-2037.2274
-21.25833333334394,140.6416666663642,-1368.9081
-21.25833333334394,140.64583333303085,-641.9279
-21.25833333334394,140.6499999996975,-33.285934
-21.25833333334394,140.65416666636418,271.53665
-21.25833333334394,140.65833333303084,557.9922
-21.25833333334394,140.66249999969753,805.4802
-21.25833333334394,140.6666666663642,982.1358
-21.25833333334394,140.67083333303086,1020.9971
-21.25833333334394,140.67499999969755,843.73944
-21.25833333334394,140.6791666663642,404.62082
-21.25833333334394,140.68333333303087,-216.17741
-21.25833333334394,140.68749999969754,-925.85944
-21.25833333334394,140.6916666663642,-1655.2365
-21.25833333334394,140.6958333330309,-2390.0293
-21.25833333334394,140.69999999969755,-3055.337
-21.25833333334394,140.70416666636422,-3559.6174
-21.25833333334394,140.7083333330309,-3750.333
-21.25833333334394,140.71249999969757,-3334.6965
-21.25833333334394,140.71666666636423,-2610.6743
-21.25833333334394,140.7208333330309,-1744.3481
-21.25833333334394,140.72499999969756,-887.5071
-21.25833333334394,140.72916666636425,-157.33492
-21.25833333334394,140.7333333330309,-3.1607172
-21.25833333334394,140.73749999969758,27.880705
-21.25833333334394,140.74166666636427,14.654473
-21.25833333334394,140.74583333303093,-1.0012838
-21.25833333334394,140.7499999996976,-47.062767
-21.25833333334394,140.75416666636426,-178.71773
-21.25833333334394,140.75833333303092,-340.61325
-21.25833333334394,140.7624999996976,-480.4995
-21.25833333334394,140.76666666636427,-536.30005
-21.25833333334394,140.77083333303094,-331.21692
-21.25833333334394,140.77499999969763,7.6456366
-21.25833333334394,140.7791666663643,452.2096
-21.25833333334394,140.78333333303095,942.48474
-21.25833333334394,140.78749999969762,1374.8156
-21.25833333334394,140.79166666636428,1494.3097
-21.25833333334394,140.79583333303097,1493.9277
-21.25833333334394,140.79999999969763,1418.5669
-21.25833333334394,140.8041666663643,1259.3729
-21.25833333334394,140.808333333031,957.7316
-21.26250000001061,140.53333333303075,1110.7799
-21.26250000001061,140.53749999969742,1287.3668
-21.26250000001061,140.5416666663641,840.5821
-21.26250000001061,140.54583333303077,196.71378
-21.26250000001061,140.54999999969743,-572.6659
-21.26250000001061,140.5541666663641,-1385.0258
-21.26250000001061,140.55833333303076,-2184.625
-21.26250000001061,140.56249999969745,-2747.085
-21.26250000001061,140.5666666663641,-3217.9758
-21.26250000001061,140.57083333303078,-3546.0745
-21.26250000001061,140.57499999969747,-3620.6958
-21.26250000001061,140.57916666636413,-3120.6042
-21.26250000001061,140.5833333330308,-2355.998
-21.26250000001061,140.58749999969746,-1435.6024
-21.26250000001061,140.59166666636412,-484.7571
-21.26250000001061,140.5958333330308,382.16898
-21.26250000001061,140.59999999969747,473.34454
-21.26250000001061,140.60416666636414,477.20035
-21.26250000001061,140.60833333303083,469.36
-21.26250000001061,140.6124999996975,443.0225
-21.26250000001061,140.61666666636415,264.5109
-21.26250000001061,140.62083333303082,-301.74445
-21.26250000001061,140.62499999969748,-1010.60944
-21.26250000001061,140.62916666636417,-1660.0332
-21.26250000001061,140.63333333303083,-2034.7468
-21.26250000001061,140.6374999996975,-1895.7421
-21.26250000001061,140.6416666663642,-1487.0879
-21.26250000001061,140.64583333303085,-1010.24036
-21.26250000001061,140.6499999996975,-590.2681
-21.26250000001061,140.65416666636418,-265.8384
-21.26250000001061,140.65833333303084,282.93384
-21.26250000001061,140.66249999969753,808.06104
-21.26250000001061,140.6666666663642,1254.4224
-21.26250000001061,140.67083333303086,1530.6692
-21.26250000001061,140.67499999969755,1525.6943
-21.26250000001061,140.6791666663642,1032.9655
-21.26250000001061,140.68333333303087,280.15967
-21.26250000001061,140.68749999969754,-599.3927
-21.26250000001061,140.6916666663642,-1489.2855
-21.26250000001061,140.6958333330309,-2217.5964
-21.26250000001061,140.69999999969755,-2861.702
-21.26250000001061,140.70416666636422,-3367.2952
-21.26250000001061,140.7083333330309,-3599.9553
-21.26250000001061,140.71249999969757,-3345.194
-21.26250000001061,140.71666666636423,-2809.6628
-21.26250000001061,140.7208333330309,-2149.5964
-21.26250000001061,140.72499999969756,-1498.2484
-21.26250000001061,140.72916666636425,-955.4585
-21.26250000001061,140.7333333330309,-637.8677
-21.26250000001061,140.73749999969758,-445.192
-21.26250000001061,140.74166666636427,-316.25165
-21.26250000001061,140.74583333303093,-216.00516
-21.26250000001061,140.7499999996976,-139.0465
-21.26250000001061,140.75416666636426,-102.845245
-21.26250000001061,140.75833333303092,-62.31358
-21.26250000001061,140.7624999996976,4.0903325
-21.26250000001061,140.76666666636427,91.76192
-21.26250000001061,140.77083333303094,64.88167
-21.26250000001061,140.77499999969763,102.38353
-21.26250000001061,140.7791666663643,234.4247
-21.26250000001061,140.78333333303095,443.00327
-21.26250000001061,140.78749999969762,670.60956
-21.26250000001061,140.79166666636428,903.8765
-21.26250000001061,140.79583333303097,1097.7527
-21.26250000001061,140.79999999969763,1259.3783
-21.26250000001061,140.8041666663643,1350.5294
-21.26250000001061,140.808333333031,1308.074
-21.26666666667728,140.53333333303075,1303.5502
-21.26666666667728,140.53749999969742,1942.8427
-21.26666666667728,140.5416666663641,1189.831
-21.26666666667728,140.54583333303077,448.82263
-21.26666666667728,140.54999999969743,-403.80344
-21.26666666667728,140.5541666663641,-1322.3981
-21.26666666667728,140.55833333303076,-2375.1233
-21.26666666667728,140.56249999969745,-2973.009
-21.26666666667728,140.5666666663641,-3671.933
-21.26666666667728,140.57083333303078,-4312.3433
-21.26666666667728,140.57499999969747,-4745.5933
-21.26666666667728,140.57916666636413,-3993.5356
-21.26666666667728,140.5833333330308,-2986.4497
-21.26666666667728,140.58749999969746,-1787.3126
-21.26666666667728,140.59166666636412,-489.25143
-21.26666666667728,140.5958333330308,1133.9552
-21.26666666667728,140.59999999969747,656.15137
-21.26666666667728,140.60416666636414,555.1681
-21.26666666667728,140.60833333303083,630.8366
-21.26666666667728,140.6124999996975,817.7875
-21.26666666667728,140.61666666636415,892.23883
-21.26666666667728,140.62083333303082,204.88824
-21.26666666667728,140.62499999969748,-620.0575
-21.26666666667728,140.62916666636417,-1386.8282
-21.26666666667728,140.63333333303083,-1921.0637
-21.26666666667728,140.6374999996975,-1833.9468
-21.26666666667728,140.6416666663642,-1548.9849
-21.26666666667728,140.64583333303085,-1231.3948
-21.26666666667728,140.6499999996975,-965.0014
-21.26666666667728,140.65416666636418,-840.63684
-21.26666666667728,140.65833333303084,64.7342
-21.26666666667728,140.66249999969753,852.3525
-21.26666666667728,140.6666666663642,1565.9623
-21.26666666667728,140.67083333303086,2104.7598
-21.26666666667728,140.67499999969755,2355.0178
-21.26666666667728,140.6791666663642,1726.4922
-21.26666666667728,140.68333333303087,807.1312
-21.26666666667728,140.68749999969754,-261.2735
-21.26666666667728,140.6916666663642,-1354.1403
-21.26666666667728,140.6958333330309,-2022.8712
-21.26666666667728,140.69999999969755,-2659.6091
-21.26666666667728,140.70416666636422,-3226.0342
-21.26666666667728,140.7083333330309,-3607.9072
-21.26666666667728,140.71249999969757,-3384.1628
-21.26666666667728,140.71666666636423,-2951.5793
-21.26666666667728,140.7208333330309,-2445.8682
-21.26666666667728,140.72499999969756,-1976.4857
-21.26666666667728,140.72916666636425,-1602.1357
-21.26666666667728,140.7333333330309,-1185.384
-21.26666666667728,140.73749999969758,-880.7796
-21.26666666667728,140.74166666636427,-652.2603
-21.26666666667728,140.74583333303093,-466.89062
-21.26666666667728,140.7499999996976,-284.09387
-21.26666666667728,140.75416666636426,-131.15695
-21.26666666667728,140.75833333303092,84.67635
-21.26666666667728,140.7624999996976,351.7546
-21.26666666667728,140.76666666636427,628.37976
-21.26666666667728,140.77083333303094,360.58545
-21.26666666667728,140.77499999969763,126.32473
-21.26666666667728,140.7791666663643,-19.286991
-21.26666666667728,140.78333333303095,-47.20733
-21.26666666667728,140.78749999969762,4.493391
-21.26666666667728,140.79166666636428,317.76056
-21.26666666667728,140.79583333303097,656.72015
-21.26666666667728,140.79999999969763,1024.8761
-21.26666666667728,140.8041666663643,1378.5536
-21.26666666667728,140.808333333031,1820.6136
-21.27083333334395,140.53333333303075,1082.593
-21.27083333334395,140.53749999969742,1454.1042
-21.27083333334395,140.5416666663641,1143.971
-21.27083333334395,140.54583333303077,601.17163
-21.27083333334395,140.54999999969743,-122.28167
-21.27083333334395,140.5541666663641,-955.2145
-21.27083333334395,140.55833333303076,-1903.6195
-21.27083333334395,140.56249999969745,-2752.324
-21.27083333334395,140.5666666663641,-3731.15
-21.27083333334395,140.57083333303078,-4791.137
-21.27083333334395,140.57499999969747,-6134.029
-21.27083333334395,140.57916666636413,-4728.4653
-21.27083333334395,140.5833333330308,-3574.5146
-21.27083333334395,140.58749999969746,-2432.5173
-21.27083333334395,140.59166666636412,-1373.5526
-21.27083333334395,140.5958333330308,-390.69528
-21.27083333334395,140.59999999969747,-184.979
-21.27083333334395,140.60416666636414,34.421734
-21.27083333334395,140.60833333303083,405.98853
-21.27083333334395,140.6124999996975,937.91064
-21.27083333334395,140.61666666636415,1683.8069
-21.27083333334395,140.62083333303082,571.3301
-21.27083333334395,140.62499999969748,-379.83847
-21.27083333334395,140.62916666636417,-1260.0634
-21.27083333334395,140.63333333303083,-2096.643
-21.27083333334395,140.6374999996975,-1791.4695
-21.27083333334395,140.6416666663642,-1517.4928
-21.27083333334395,140.64583333303085,-1245.7307
-21.27083333334395,140.6499999996975,-972.44165
-21.27083333334395,140.65416666636418,-616.4476
-21.27083333334395,140.65833333303084,132.33446
-21.27083333334395,140.66249999969753,974.46375
-21.27083333334395,140.6666666663642,1855.6641
-21.27083333334395,140.67083333303086,2673.038
-21.27083333334395,140.67499999969755,3488.3745
-21.27083333334395,140.6791666663642,2433.6978
-21.27083333334395,140.68333333303087,1349.9828
-21.27083333334395,140.68749999969754,123.66622
-21.27083333334395,140.6916666663642,-1351.4594
-21.27083333334395,140.6958333330309,-1714.7638
-21.27083333334395,140.69999999969755,-2339.1875
-21.27083333334395,140.70416666636422,-3030.4248
-21.27083333334395,140.7083333330309,-3786.1458
-21.27083333334395,140.71249999969757,-3370.7183
-21.27083333334395,140.71666666636423,-2963.5618
-21.27083333334395,140.7208333330309,-2558.363
-21.27083333334395,140.72499999969756,-2241.721
-21.27083333334395,140.72916666636425,-2104.0034
-21.27083333334395,140.7333333330309,-1545.3782
-21.27083333334395,140.73749999969758,-1189.7826
-21.27083333334395,140.74166666636427,-935.4132
-21.27083333334395,140.74583333303093,-736.87225
-21.27083333334395,140.7499999996976,-493.77682
-21.27083333334395,140.75416666636426,-326.36542
-21.27083333334395,140.75833333303092,2.5350695
-21.27083333334395,140.7624999996976,473.30066
-21.27083333334395,140.76666666636427,1264.7651
-21.27083333334395,140.77083333303094,472.38675
-21.27083333334395,140.77499999969763,3.5017095
-21.27083333334395,140.7791666663643,-333.62216
-21.27083333334395,140.78333333303095,-538.43274
-21.27083333334395,140.78749999969762,-745.99963
-21.27083333334395,140.79166666636428,-252.1344
-21.27083333334395,140.79583333303097,187.27666
-21.27083333334395,140.79999999969763,608.98474
-21.27083333334395,140.8041666663643,936.2869
-21.27083333334395,140.808333333031,1094.8458
-21.27500000001062,140.53333333303075,906.2012
-21.27500000001062,140.53749999969742,1226.6553
-21.27500000001062,140.5416666663641,1129.3507
-21.27500000001062,140.54583333303077,779.71735
-21.27500000001062,140.54999999969743,241.29855
-21.27500000001062,140.5541666663641,-448.97144
-21.27500000001062,140.55833333303076,-1289.6042
-21.27500000001062,140.56249999969745,-2172.326
-21.27500000001062,140.5666666663641,-3128.6782
-21.27500000001062,140.57083333303078,-4052.9917
-21.27500000001062,140.57499999969747,-4771.714
-21.27500000001062,140.57916666636413,-4339.0405
-21.27500000001062,140.5833333330308,-3692.3098
-21.27500000001062,140.58749999969746,-2983.3298
-21.27500000001062,140.59166666636412,-2304.9768
-21.27500000001062,140.5958333330308,-1676.5806
-21.27500000001062,140.59999999969747,-1281.4818
-21.27500000001062,140.60416666636414,-860.6447
-21.27500000001062,140.60833333303083,-347.0792
-21.27500000001062,140.6124999996975,194.60306
-21.27500000001062,140.61666666636415,598.0036
-21.27500000001062,140.62083333303082,189.67796
-21.27500000001062,140.62499999969748,-387.71472
-21.27500000001062,140.62916666636417,-969.61176
-21.27500000001062,140.63333333303083,-1427.6774
-21.27500000001062,140.6374999996975,-1422.414
-21.27500000001062,140.6416666663642,-1312.538
-21.27500000001062,140.64583333303085,-1151.9241
-21.27500000001062,140.6499999996975,-921.4552
-21.27500000001062,140.65416666636418,-533.27954
-21.27500000001062,140.65833333303084,156.54782
-21.27500000001062,140.66249999969753,1000.49866
-21.27500000001062,140.6666666663642,1878.8596
-21.27500000001062,140.67083333303086,2624.116
-21.27500000001062,140.67499999969755,3050.7258
-21.27500000001062,140.6791666663642,2592.543
-21.27500000001062,140.68333333303087,1848.6158
-21.27500000001062,140.68749999969754,940.78845
-21.27500000001062,140.6916666663642,-72.587006
-21.27500000001062,140.6958333330309,-824.2804
-21.27500000001062,140.69999999969755,-1625.7743
-21.27500000001062,140.70416666636422,-2381.0535
-21.27500000001062,140.7083333330309,-2959.936
-21.27500000001062,140.71249999969757,-2946.5466
-21.27500000001062,140.71666666636423,-2714.3337
-21.27500000001062,140.7208333330309,-2396.6052
-21.27500000001062,140.72499999969756,-2094.675
-21.27500000001062,140.72916666636425,-1849.6914
-21.27500000001062,140.7333333330309,-1511.4066
-21.27500000001062,140.73749999969758,-1274.6545
-21.27500000001062,140.74166666636427,-1132.3267
-21.27500000001062,140.74583333303093,-1045.1025
-21.27500000001062,140.7499999996976,-932.85754
-21.27500000001062,140.75416666636426,-762.8757
-21.27500000001062,140.75833333303092,-501.21948
-21.27500000001062,140.7624999996976,-205.36409
-21.27500000001062,140.76666666636427,64.26034
-21.27500000001062,140.77083333303094,-179.80534
-21.27500000001062,140.77499999969763,-451.22446
-21.27500000001062,140.7791666663643,-693.7134
-21.27500000001062,140.78333333303095,-847.149
-21.27500000001062,140.78749999969762,-882.57825
-21.27500000001062,140.79166666636428,-575.4801
-21.27500000001062,140.79583333303097,-184.18517
-21.27500000001062,140.79999999969763,208.20184
-21.27500000001062,140.8041666663643,503.74683
-21.27500000001062,140.808333333031,598.61676
-21.27916666667729,140.53333333303075,822.3171
-21.27916666667729,140.53749999969742,1172.1221
-21.27916666667729,140.5416666663641,1189.2445
-21.27916666667729,140.54583333303077,999.47595
-21.27916666667729,140.54999999969743,654.16113
-21.27916666667729,140.5541666663641,155.00174
-21.27916666667729,140.55833333303076,-574.9635
-21.27916666667729,140.56249999969745,-1408.3264
-21.27916666667729,140.5666666663641,-2283.5854
-21.27916666667729,140.57083333303078,-3096.9597
-21.27916666667729,140.57499999969747,-3690.7566
-21.27916666667729,140.57916666636413,-3741.592
-21.27916666667729,140.5833333330308,-3590.5164
-21.27916666667729,140.58749999969746,-3383.735
-21.27916666667729,140.59166666636412,-3169.9194
-21.27916666667729,140.5958333330308,-2911.6047
-21.27916666667729,140.59999999969747,-2450.1692
-21.27916666667729,140.60416666636414,-1892.7063
-21.27916666667729,140.60833333303083,-1273.3317
-21.27916666667729,140.6124999996975,-678.2719
-21.27916666667729,140.61666666636415,-257.0183
-21.27916666667729,140.62083333303082,-297.61963
-21.27916666667729,140.62499999969748,-517.6271
-21.27916666667729,140.62916666636417,-774.0473
-21.27916666667729,140.63333333303083,-974.38214
-21.27916666667729,140.6374999996975,-1059.4747
-21.27916666667729,140.6416666663642,-1081.0789
-21.27916666667729,140.64583333303085,-1051.9557
-21.27916666667729,140.6499999996975,-924.97687
-21.27916666667729,140.65416666636418,-600.3155
-21.27916666667729,140.65833333303084,74.96518
-21.27916666667729,140.66249999969753,933.00934
-21.27916666667729,140.6666666663642,1822.5175
-21.27916666667729,140.67083333303086,2557.6843
-21.27916666667729,140.67499999969755,2879.1147
-21.27916666667729,140.6791666663642,2706.9756
-21.27916666667729,140.68333333303087,2314.8345
-21.27916666667729,140.68749999969754,1797.8496
-21.27916666667729,140.6916666663642,1138.5481
-21.27916666667729,140.6958333330309,167.61746
-21.27916666667729,140.69999999969755,-842.48895
-21.27916666667729,140.70416666636422,-1729.6147
-21.27916666667729,140.7083333330309,-2350.358
-21.27916666667729,140.71249999969757,-2540.9163
-21.27916666667729,140.71666666636423,-2401.8535
-21.27916666667729,140.7208333330309,-2110.6538
-21.27916666667729,140.72499999969756,-1783.3136
-21.27916666667729,140.72916666636425,-1492.3264
-21.27916666667729,140.7333333330309,-1282.3309
-21.27916666667729,140.73749999969758,-1184.5266
-21.27916666667729,140.74166666636427,-1205.8582
-21.27916666667729,140.74583333303093,-1306.2273
-21.27916666667729,140.7499999996976,-1396.1716
-21.27916666667729,140.75416666636426,-1266.2482
-21.27916666667729,140.75833333303092,-1102.6897
-21.27916666667729,140.7624999996976,-982.2745
-21.27916666667729,140.76666666636427,-965.06604
-21.27916666667729,140.77083333303094,-944.063
-21.27916666667729,140.77499999969763,-1009.292
-21.27916666667729,140.7791666663643,-1107.1084
-21.27916666667729,140.78333333303095,-1182.7334
-21.27916666667729,140.78749999969762,-1152.7062
-21.27916666667729,140.79166666636428,-877.1168
-21.27916666667729,140.79583333303097,-503.364
-21.27916666667729,140.79999999969763,-124.55723
-21.27916666667729,140.8041666663643,166.71396
-21.27916666667729,140.808333333031,267.76825
-21.28333333334396,140.53333333303075,804.855
-21.28333333334396,140.53749999969742,1254.8652
-21.28333333334396,140.5416666663641,1280.8956
-21.28333333334396,140.54583333303077,1194.3046
-21.28333333334396,140.54999999969743,1023.6909
-21.28333333334396,140.5541666663641,748.86755
-21.28333333334396,140.55833333303076,91.611176
-21.28333333334396,140.56249999969745,-663.11707
-21.28333333334396,140.5666666663641,-1445.396
-21.28333333334396,140.57083333303078,-2166.0342
-21.28333333334396,140.57499999969747,-2737.051
-21.28333333334396,140.57916666636413,-3104.756
-21.28333333334396,140.5833333330308,-3367.7817
-21.28333333334396,140.58749999969746,-3624.062
-21.28333333334396,140.59166666636412,-3865.4182
-21.28333333334396,140.5958333330308,-4008.0903
-21.28333333334396,140.59999999969747,-3498.2144
-21.28333333334396,140.60416666636414,-2851.6245
-21.28333333334396,140.60833333303083,-2148.8652
-21.28333333334396,140.6124999996975,-1494.4324
-21.28333333334396,140.61666666636415,-973.71564
-21.28333333334396,140.62083333303082,-783.68726
-21.28333333334396,140.62499999969748,-710.982
-21.28333333334396,140.62916666636417,-674.9808
-21.28333333334396,140.63333333303083,-631.5283
-21.28333333334396,140.6374999996975,-764.4675
-21.28333333334396,140.6416666663642,-891.1648
-21.28333333334396,140.64583333303085,-997.48126
-21.28333333334396,140.6499999996975,-1009.022
-21.28333333334396,140.65416666636418,-830.944
-21.28333333334396,140.65833333303084,-109.94812
-21.28333333334396,140.66249999969753,799.2225
-21.28333333334396,140.6666666663642,1745.1271
-21.28333333334396,140.67083333303086,2544.6826
-21.28333333334396,140.67499999969755,2765.2776
-21.28333333334396,140.6791666663642,2745.6875
-21.28333333334396,140.68333333303087,2660.369
-21.28333333334396,140.68749999969754,2548.973
-21.28333333334396,140.6916666663642,2331.7407
-21.28333333334396,140.6958333330309,1048.8989
-21.28333333334396,140.69999999969755,-217.82703
-21.28333333334396,140.70416666636422,-1272.011
-21.28333333334396,140.7083333330309,-1978.7678
-21.28333333334396,140.71249999969757,-2309.1675
-21.28333333334396,140.71666666636423,-2167.7754
-21.28333333334396,140.7208333330309,-1830.9441
-21.28333333334396,140.72499999969756,-1425.5001
-21.28333333334396,140.72916666636425,-1053.0488
-21.28333333334396,140.7333333330309,-927.2806
-21.28333333334396,140.73749999969758,-936.3255
-21.28333333334396,140.74166666636427,-1111.4231
-21.28333333334396,140.74583333303093,-1419.2379
-21.28333333334396,140.7499999996976,-1797.6023
-21.28333333334396,140.75416666636426,-1626.4567
-21.28333333334396,140.75833333303092,-1537.3839
-21.28333333334396,140.7624999996976,-1603.8372
-21.28333333334396,140.76666666636427,-1964.4352
-21.28333333334396,140.77083333303094,-1616.7028
-21.28333333334396,140.77499999969763,-1509.4669
-21.28333333334396,140.7791666663643,-1495.6437
-21.28333333334396,140.78333333303095,-1518.9712
-21.28333333334396,140.78749999969762,-1473.6227
-21.28333333334396,140.79166666636428,-1165.766
-21.28333333334396,140.79583333303097,-777.301
-21.28333333334396,140.79999999969763,-380.75848
-21.28333333334396,140.8041666663643,-50.56879
-21.28333333334396,140.808333333031,128.1976
-21.28750000001063,140.53333333303075,769.6219
-21.28750000001063,140.53749999969742,1467.7008
-21.28750000001063,140.5416666663641,1296.3289
-21.28750000001063,140.54583333303077,1248.796
-21.28750000001063,140.54999999969743,1242.0492
-21.28750000001063,140.5541666663641,1331.1108
-21.28750000001063,140.55833333303076,602.7369
-21.28750000001063,140.56249999969745,-83.023315
-21.28750000001063,140.5666666663641,-767.34894
-21.28750000001063,140.57083333303078,-1407.3403
-21.28750000001063,140.57499999969747,-1977.6249
-21.28750000001063,140.57916666636413,-2525.1316
-21.28750000001063,140.5833333330308,-3068.797
-21.28750000001063,140.58749999969746,-3688.6846
-21.28750000001063,140.59166666636412,-4359.5347
-21.28750000001063,140.5958333330308,-5178.971
-21.28750000001063,140.59999999969747,-4322.6304
-21.28750000001063,140.60416666636414,-3585.2202
-21.28750000001063,140.60833333303083,-2837.2686
-21.28750000001063,140.6124999996975,-2140.191
-21.28750000001063,140.61666666636415,-1451.0748
-21.28750000001063,140.62083333303082,-1221.0035
-21.28750000001063,140.62499999969748,-957.37463
-21.28750000001063,140.62916666636417,-679.6509
-21.28750000001063,140.63333333303083,-309.8181
-21.28750000001063,140.6374999996975,-571.4711
-21.28750000001063,140.6416666663642,-775.42255
-21.28750000001063,140.64583333303085,-994.3222
-21.28750000001063,140.6499999996975,-1161.1727
-21.28750000001063,140.65416666636418,-1310.4382
-21.28750000001063,140.65833333303084,-367.00317
-21.28750000001063,140.66249999969753,617.67596
-21.28750000001063,140.6666666663642,1652.4116
-21.28750000001063,140.67083333303086,2720.9614
-21.28750000001063,140.67499999969755,2623.4775
-21.28750000001063,140.6791666663642,2585.838
-21.28750000001063,140.68333333303087,2691.5247
-21.28750000001063,140.68749999969754,2973.2742
-21.28750000001063,140.6916666663642,3705.7812
-21.28750000001063,140.6958333330309,1556.5135
-21.28750000001063,140.69999999969755,6.231869
-21.28750000001063,140.70416666636422,-1174.07
-21.28750000001063,140.7083333330309,-1934.8506
-21.28750000001063,140.71249999969757,-2412.6343
-21.28750000001063,140.71666666636423,-2100.4924
-21.28750000001063,140.7208333330309,-1650.7279
-21.28750000001063,140.72499999969756,-1109.8352
-21.28750000001063,140.72916666636425,-520.4121
-21.28750000001063,140.7333333330309,-498.6898
-21.28750000001063,140.73749999969758,-536.75635
-21.28750000001063,140.74166666636427,-772.18115
-21.28750000001063,140.74583333303093,-1242.5837
-21.28750000001063,140.7499999996976,-2170.6194
-21.28750000001063,140.75416666636426,-1608.556
-21.28750000001063,140.75833333303092,-1494.94
-21.28750000001063,140.7624999996976,-1594.1825
-21.28750000001063,140.76666666636427,-1827.5426
-21.28750000001063,140.77083333303094,-1799.1793
-21.28750000001063,140.77499999969763,-1765.8749
-21.28750000001063,140.7791666663643,-1761.4338
-21.28750000001063,140.78333333303095,-1795.7429
-21.28750000001063,140.78749999969762,-1866.8049
-21.28750000001063,140.79166666636428,-1419.8431
-21.28750000001063,140.79583333303097,-1000.9114
-21.28750000001063,140.79999999969763,-584.1066
-21.28750000001063,140.8041666663643,-197.4566
-21.28750000001063,140.808333333031,201.16414
-21.2916666666773,140.53333333303075,401.54144
-21.2916666666773,140.53749999969742,820.7326
-21.2916666666773,140.5416666663641,903.3508
-21.2916666666773,140.54583333303077,960.8194
-21.2916666666773,140.54999999969743,1010.36365
-21.2916666666773,140.5541666663641,1011.045
-21.2916666666773,140.55833333303076,659.9891
-21.2916666666773,140.56249999969745,207.56862
-21.2916666666773,140.5666666663641,-292.74106
-21.2916666666773,140.57083333303078,-808.2388
-21.2916666666773,140.57499999969747,-1350.5162
-21.2916666666773,140.57916666636413,-1982.2817
-21.2916666666773,140.5833333330308,-2682.1746
-21.2916666666773,140.58749999969746,-3435.2725
-21.2916666666773,140.59166666636412,-4145.2095
-21.2916666666773,140.5958333330308,-4664.3945
-21.2916666666773,140.59999999969747,-4392.1084
-21.2916666666773,140.60416666636414,-3908.4226
-21.2916666666773,140.60833333303083,-3331.4348
-21.2916666666773,140.6124999996975,-2750.5693
-21.2916666666773,140.61666666636415,-2186.9382
-21.2916666666773,140.62083333303082,-1769.6765
-21.2916666666773,140.62499999969748,-1357.9741
-21.2916666666773,140.62916666636417,-967.5929
-21.2916666666773,140.63333333303083,-647.22546
-21.2916666666773,140.6374999996975,-657.43097
-21.2916666666773,140.6416666663642,-778.1973
-21.2916666666773,140.64583333303085,-953.29333
-21.2916666666773,140.6499999996975,-1073.4122
-21.2916666666773,140.65416666636418,-1018.24445
-21.2916666666773,140.65833333303084,-413.38852
-21.2916666666773,140.66249999969753,370.32355
-21.2916666666773,140.6666666663642,1177.0636
-21.2916666666773,140.67083333303086,1840.6344
-21.2916666666773,140.67499999969755,1972.0193
-21.2916666666773,140.6791666663642,1981.4917
-21.2916666666773,140.68333333303087,1999.0945
-21.2916666666773,140.68749999969754,2005.9626
-21.2916666666773,140.6916666663642,1879.7034
-21.2916666666773,140.6958333330309,640.73175
-21.2916666666773,140.69999999969755,-537.0564
-21.2916666666773,140.70416666636422,-1473.2859
-21.2916666666773,140.7083333330309,-2065.3037
-21.2916666666773,140.71249999969757,-2314.7708
-21.2916666666773,140.71666666636423,-2073.5598
-21.2916666666773,140.7208333330309,-1599.4261
-21.2916666666773,140.72499999969756,-1020.5816
-21.2916666666773,140.72916666636425,-467.34933
-21.2916666666773,140.7333333330309,-185.62466
-21.2916666666773,140.73749999969758,-30.383944
-21.2916666666773,140.74166666636427,-21.067675
-21.2916666666773,140.74583333303093,-179.89487
-21.2916666666773,140.7499999996976,-542.1764
-21.2916666666773,140.75416666636426,-611.41907
-21.2916666666773,140.75833333303092,-863.9121
-21.2916666666773,140.7624999996976,-1233.2656
-21.2916666666773,140.76666666636427,-1616.3923
-21.2916666666773,140.77083333303094,-1807.4017
-21.2916666666773,140.77499999969763,-1854.5619
-21.2916666666773,140.7791666663643,-1841.8546
-21.2916666666773,140.78333333303095,-1809.5195
-21.2916666666773,140.78749999969762,-1735.6217
-21.2916666666773,140.79166666636428,-1447.1525
-21.2916666666773,140.79583333303097,-1121.9651
-21.2916666666773,140.79999999969763,-802.23315
-21.2916666666773,140.8041666663643,-528.41724
-21.2916666666773,140.808333333031,-336.71024
-21.29583333334397,140.53333333303075,-8.147762
-21.29583333334397,140.53749999969742,276.7541
-21.29583333334397,140.5416666663641,435.73642
-21.29583333334397,140.54583333303077,559.1117
-21.29583333334397,140.54999999969743,666.5709
-21.29583333334397,140.5541666663641,718.22797
-21.29583333334397,140.55833333303076,592.7787
-21.29583333334397,140.56249999969745,339.58762
-21.29583333334397,140.5666666663641,36.482384
-21.29583333334397,140.57083333303078,-307.12326
-21.29583333334397,140.57499999969747,-745.69617
-21.29583333334397,140.57916666636413,-1456.8617
-21.29583333334397,140.5833333330308,-2277.0366
-21.29583333334397,140.58749999969746,-3120.7395
-21.29583333334397,140.59166666636412,-3872.7278
-21.29583333334397,140.5958333330308,-4378.12
-21.29583333334397,140.59999999969747,-4339.8823
-21.29583333334397,140.60416666636414,-4060.9048
-21.29583333334397,140.60833333303083,-3676.269
-21.29583333334397,140.6124999996975,-3250.781
-21.29583333334397,140.61666666636415,-2787.685
-21.29583333334397,140.62083333303082,-2305.1504
-21.29583333334397,140.62499999969748,-1787.9415
-21.29583333334397,140.62916666636417,-1287.5559
-21.29583333334397,140.63333333303083,-895.5426
-21.29583333334397,140.6374999996975,-786.52167
-21.29583333334397,140.6416666663642,-833.9136
-21.29583333334397,140.64583333303085,-960.28485
-21.29583333334397,140.6499999996975,-1057.9178
-21.29583333334397,140.65416666636418,-989.7638
-21.29583333334397,140.65833333303084,-524.22424
-21.29583333334397,140.66249999969753,94.94571
-21.29583333334397,140.6666666663642,701.49536
-21.29583333334397,140.67083333303086,1142.5863
-21.29583333334397,140.67499999969755,1261.8715
-21.29583333334397,140.6791666663642,1201.4164
-21.29583333334397,140.68333333303087,1042.9568
-21.29583333334397,140.68749999969754,769.47284
-21.29583333334397,140.6916666663642,287.85428
-21.29583333334397,140.6958333330309,-659.9191
-21.29583333334397,140.69999999969755,-1457.163
-21.29583333334397,140.70416666636422,-2073.2444
-21.29583333334397,140.7083333330309,-2444.6565
-21.29583333334397,140.71249999969757,-2525.9846
-21.29583333334397,140.71666666636423,-2209.6968
-21.29583333334397,140.7208333330309,-1657.8496
-21.29583333334397,140.72499999969756,-986.7222
-21.29583333334397,140.72916666636425,-324.17642
-21.29583333334397,140.7333333330309,133.29347
-21.29583333334397,140.73749999969758,523.6283
-21.29583333334397,140.74166666636427,875.3815
-21.29583333334397,140.74583333303093,1131.4785
-21.29583333334397,140.7499999996976,1160.5105
-21.29583333334397,140.75416666636426,698.5884
-21.29583333334397,140.75833333303092,22.950396
-21.29583333334397,140.7624999996976,-711.3265
-21.29583333334397,140.76666666636427,-1365.6648
-21.29583333334397,140.77083333303094,-1813.8701
-21.29583333334397,140.77499999969763,-1883.5927
-21.29583333334397,140.7791666663643,-1822.0795
-21.29583333334397,140.78333333303095,-1724.4275
-21.29583333334397,140.78749999969762,-1601.2517
-21.29583333334397,140.79166666636428,-1385.4282
-21.29583333334397,140.79583333303097,-1159.4584
-21.29583333334397,140.79999999969763,-964.55365
-21.29583333334397,140.8041666663643,-820.0184
-21.29583333334397,140.808333333031,-730.19727
-21.30000000001064,140.53333333303075,-371.85345
-21.30000000001064,140.53749999969742,-185.87926
-21.30000000001064,140.5416666663641,8.291679
-21.30000000001064,140.54583333303077,173.9127
-21.30000000001064,140.54999999969743,328.17065
-21.30000000001064,140.5541666663641,445.76547
-21.30000000001064,140.55833333303076,489.83054
-21.30000000001064,140.56249999969745,380.16125
-21.30000000001064,140.5666666663641,261.7375
-21.30000000001064,140.57083333303078,118.461586
-21.30000000001064,140.57499999969747,-121.7397
-21.30000000001064,140.57916666636413,-976.01025
-21.30000000001064,140.5833333330308,-1928.738
-21.30000000001064,140.58749999969746,-2877.308
-21.30000000001064,140.59166666636412,-3694.312
-21.30000000001064,140.5958333330308,-4273.4062
-21.30000000001064,140.59999999969747,-4322.0024
-21.30000000001064,140.60416666636414,-4178.944
-21.30000000001064,140.60833333303083,-3958.6064
-21.30000000001064,140.6124999996975,-3708.3813
-21.30000000001064,140.61666666636415,-3377.4895
-21.30000000001064,140.62083333303082,-2836.9167
-21.30000000001064,140.62499999969748,-2209.6953
-21.30000000001064,140.62916666636417,-1590.8081
-21.30000000001064,140.63333333303083,-1077.7085
-21.30000000001064,140.6374999996975,-915.18365
-21.30000000001064,140.6416666663642,-912.5447
-21.30000000001064,140.64583333303085,-1012.3439
-21.30000000001064,140.6499999996975,-1112.3632
-21.30000000001064,140.65416666636418,-1106.509
-21.30000000001064,140.65833333303084,-668.79016
-21.30000000001064,140.66249999969753,-147.70667
-21.30000000001064,140.6666666663642,317.0113
-21.30000000001064,140.67083333303086,594.6015
-21.30000000001064,140.67499999969755,636.82916
-21.30000000001064,140.6791666663642,459.88052
-21.30000000001064,140.68333333303087,110.89539
-21.30000000001064,140.68749999969754,-428.94434
-21.30000000001064,140.6916666663642,-1161.9556
-21.30000000001064,140.6958333330309,-2068.0557
-21.30000000001064,140.69999999969755,-2470.78
-21.30000000001064,140.70416666636422,-2765.2998
-21.30000000001064,140.7083333330309,-2916.9517
-21.30000000001064,140.71249999969757,-2881.5515
-21.30000000001064,140.71666666636423,-2436.2556
-21.30000000001064,140.7208333330309,-1780.6442
-21.30000000001064,140.72499999969756,-989.74945
-21.30000000001064,140.72916666636425,-169.2412
-21.30000000001064,140.7333333330309,383.4812
-21.30000000001064,140.73749999969758,974.114
-21.30000000001064,140.74166666636427,1683.3484
-21.30000000001064,140.74583333303093,2414.0679
-21.30000000001064,140.7499999996976,2962.751
-21.30000000001064,140.75416666636426,2020.9857
-21.30000000001064,140.75833333303092,890.06445
-21.30000000001064,140.7624999996976,-244.62624
-21.30000000001064,140.76666666636427,-1214.0725
-21.30000000001064,140.77083333303094,-1945.3431
-21.30000000001064,140.77499999969763,-1902.6731
-21.30000000001064,140.7791666663643,-1733.8835
-21.30000000001064,140.78333333303095,-1555.3302
-21.30000000001064,140.78749999969762,-1413.1179
-21.30000000001064,140.79166666636428,-1236.0703
-21.30000000001064,140.79583333303097,-1102.5692
-21.30000000001064,140.79999999969763,-1039.5057
-21.30000000001064,140.8041666663643,-1044.2196
-21.30000000001064,140.808333333031,-1079.43
-21.30416666667731,140.53333333303075,-605.6812
-21.30416666667731,140.53749999969742,-536.5731
-21.30416666667731,140.5416666663641,-300.5066
-21.30416666667731,140.54583333303077,-122.01237
-21.30416666667731,140.54999999969743,58.129223
-21.30416666667731,140.5541666663641,233.88876
-21.30416666667731,140.55833333303076,440.34726
-21.30416666667731,140.56249999969745,340.97662
-21.30416666667731,140.5666666663641,353.29953
-21.30416666667731,140.57083333303078,423.2088
-21.30416666667731,140.57499999969747,654.04083
-21.30416666667731,140.57916666636413,-606.82135
-21.30416666667731,140.5833333330308,-1711.3048
-21.30416666667731,140.58749999969746,-2763.6133
-21.30416666667731,140.59166666636412,-3675.1497
-21.30416666667731,140.5958333330308,-4493.062
-21.30416666667731,140.59999999969747,-4407.9463
-21.30416666667731,140.60416666636414,-4310.7803
-21.30416666667731,140.60833333303083,-4211.153
-21.30416666667731,140.6124999996975,-4130.392
-21.30416666667731,140.61666666636415,-3970.647
-21.30416666667731,140.62083333303082,-3340.1465
-21.30416666667731,140.62499999969748,-2601.596
-21.30416666667731,140.62916666636417,-1853.7559
-21.30416666667731,140.63333333303083,-1116.4288
-21.30416666667731,140.6374999996975,-1025.6746
-21.30416666667731,140.6416666663642,-992.518
-21.30416666667731,140.64583333303085,-1068.2665
-21.30416666667731,140.6499999996975,-1191.7811
-21.30416666667731,140.65416666636418,-1406.4175
-21.30416666667731,140.65833333303084,-779.14026
-21.30416666667731,140.66249999969753,-274.97998
-21.30416666667731,140.6666666663642,106.8951
-21.30416666667731,140.67083333303086,261.93182
-21.30416666667731,140.67499999969755,217.56984
-21.30416666667731,140.6791666663642,-89.44544
-21.30416666667731,140.68333333303087,-602.9052
-21.30416666667731,140.68749999969754,-1355.1584
-21.30416666667731,140.6916666663642,-2299.2622
-21.30416666667731,140.6958333330309,-3547.0745
-21.30416666667731,140.69999999969755,-3331.927
-21.30416666667731,140.70416666636422,-3319.8372
-21.30416666667731,140.7083333330309,-3313.1216
-21.30416666667731,140.71249999969757,-3318.4863
-21.30416666667731,140.71666666636423,-2674.976
-21.30416666667731,140.7208333330309,-1935.1251
-21.30416666667731,140.72499999969756,-1033.8368
-21.30416666667731,140.72916666636425,67.59205
-21.30416666667731,140.7333333330309,458.04663
-21.30416666667731,140.73749999969758,1118.644
-21.30416666667731,140.74166666636427,2106.8623
-21.30416666667731,140.74583333303093,3345.188
-21.30416666667731,140.7499999996976,5101.4814
-21.30416666667731,140.75416666636426,3032.153
-21.30416666667731,140.75833333303092,1459.6809
-21.30416666667731,140.7624999996976,28.159037
-21.30416666667731,140.76666666636427,-1180.3004
-21.30416666667731,140.77083333303094,-2431.901
-21.30416666667731,140.77499999969763,-1889.0228
-21.30416666667731,140.7791666663643,-1536.0254
-21.30416666667731,140.78333333303095,-1276.1238
-21.30416666667731,140.78749999969762,-1162.322
-21.30416666667731,140.79166666636428,-981.4403
-21.30416666667731,140.79583333303097,-921.95447
-21.30416666667731,140.79999999969763,-986.6803
-21.30416666667731,140.8041666663643,-1166.8217
-21.30416666667731,140.808333333031,-1486.1759
-21.30833333334398,140.53333333303075,-611.63776
-21.30833333334398,140.53749999969742,-532.51013
-21.30833333334398,140.5416666663641,-417.8747
-21.30833333334398,140.54583333303077,-312.47922
-21.30833333334398,140.54999999969743,-195.4218
-21.30833333334398,140.5541666663641,-70.78141
-21.30833333334398,140.55833333303076,54.35416
-21.30833333334398,140.56249999969745,78.403175
-21.30833333334398,140.5666666663641,118.09705
-21.30833333334398,140.57083333303078,123.455154
-21.30833333334398,140.57499999969747,-11.753539
-21.30833333334398,140.57916666636413,-819.1682
-21.30833333334398,140.5833333330308,-1764.362
-21.30833333334398,140.58749999969746,-2718.4944
-21.30833333334398,140.59166666636412,-3552.3914
-21.30833333334398,140.5958333330308,-4174.2744
-21.30833333334398,140.59999999969747,-4334.685
-21.30833333334398,140.60416666636414,-4356.851
-21.30833333334398,140.60833333303083,-4386.696
-21.30833333334398,140.6124999996975,-4473.04
-21.30833333334398,140.61666666636415,-4697.455
-21.30833333334398,140.62083333303082,-3769.1865
-21.30833333334398,140.62499999969748,-2963.428
-21.30833333334398,140.62916666636417,-2216.2322
-21.30833333334398,140.63333333303083,-1593.5002
-21.30833333334398,140.6374999996975,-1274.2983
-21.30833333334398,140.6416666663642,-1094.831
-21.30833333334398,140.64583333303085,-1017.1591
-21.30833333334398,140.6499999996975,-979.247
-21.30833333334398,140.65416666636418,-912.59106
-21.30833333334398,140.65833333303084,-533.37915
-21.30833333334398,140.66249999969753,-154.46918
-21.30833333334398,140.6666666663642,120.65975
-21.30833333334398,140.67083333303086,193.8977
-21.30833333334398,140.67499999969755,31.893585
-21.30833333334398,140.6791666663642,-385.50262
-21.30833333334398,140.68333333303087,-1017.51996
-21.30833333334398,140.68749999969754,-1817.2844
-21.30833333334398,140.6916666663642,-2657.834
-21.30833333334398,140.6958333330309,-3369.9956
-21.30833333334398,140.69999999969755,-3439.2542
-21.30833333334398,140.70416666636422,-3411.1724
-21.30833333334398,140.7083333330309,-3333.4685
-21.30833333334398,140.71249999969757,-3183.9705
-21.30833333334398,140.71666666636423,-2734.3506
-21.30833333334398,140.7208333330309,-2145.719
-21.30833333334398,140.72499999969756,-1437.6412
-21.30833333334398,140.72916666636425,-653.0531
-21.30833333334398,140.7333333330309,-32.79608
-21.30833333334398,140.73749999969758,710.656
-21.30833333334398,140.74166666636427,1625.849
-21.30833333334398,140.74583333303093,2569.3071
-21.30833333334398,140.7499999996976,3281.79
-21.30833333334398,140.75416666636426,2393.9148
-21.30833333334398,140.75833333303092,1266.6572
-21.30833333334398,140.7624999996976,133.40749
-21.30833333334398,140.76666666636427,-800.5353
-21.30833333334398,140.77083333303094,-1454.4834
-21.30833333334398,140.77499999969763,-1292.3594
-21.30833333334398,140.7791666663643,-1014.75836
-21.30833333334398,140.78333333303095,-795.85095
-21.30833333334398,140.78749999969762,-813.85065
-21.30833333334398,140.79166666636428,-559.89844
-21.30833333334398,140.79583333303097,-561.20026
-21.30833333334398,140.79999999969763,-707.5687
-21.30833333334398,140.8041666663643,-925.30914
-21.30833333334398,140.808333333031,-1094.2482
-21.31250000001065,140.53333333303075,-512.78253
-21.31250000001065,140.53749999969742,-458.08197
-21.31250000001065,140.5416666663641,-454.84357
-21.31250000001065,140.54583333303077,-454.86374
-21.31250000001065,140.54999999969743,-435.8075
-21.31250000001065,140.5541666663641,-391.24277
-21.31250000001065,140.55833333303076,-327.73874
-21.31250000001065,140.56249999969745,-270.96902
-21.31250000001065,140.5666666663641,-223.89445
-21.31250000001065,140.57083333303078,-253.70334
-21.31250000001065,140.57499999969747,-477.6945
-21.31250000001065,140.57916666636413,-1098.4541
-21.31250000001065,140.5833333330308,-1905.0608
-21.31250000001065,140.58749999969746,-2754.4932
-21.31250000001065,140.59166666636412,-3516.0518
-21.31250000001065,140.5958333330308,-4069.3904
-21.31250000001065,140.59999999969747,-4288.5405
-21.31250000001065,140.60416666636414,-4337.929
-21.31250000001065,140.60833333303083,-4339.5386
-21.31250000001065,140.6124999996975,-4322.538
-21.31250000001065,140.61666666636415,-4238.041
-21.31250000001065,140.62083333303082,-3692.7588
-21.31250000001065,140.62499999969748,-3072.3032
-21.31250000001065,140.62916666636417,-2449.239
-21.31250000001065,140.63333333303083,-1895.0695
-21.31250000001065,140.6374999996975,-1479.2136
-21.31250000001065,140.6416666663642,-1166.3772
-21.31250000001065,140.64583333303085,-929.56604
-21.31250000001065,140.6499999996975,-733.1418
-21.31250000001065,140.65416666636418,-522.3526
-21.31250000001065,140.65833333303084,-204.45064
-21.31250000001065,140.66249999969753,104.14838
-21.31250000001065,140.6666666663642,309.84814
-21.31250000001065,140.67083333303086,317.83322
-21.31250000001065,140.67499999969755,50.764355
-21.31250000001065,140.6791666663642,-476.61295
-21.31250000001065,140.68333333303087,-1213.4124
-21.31250000001065,140.68749999969754,-2064.62
-21.31250000001065,140.6916666663642,-2861.5288
-21.31250000001065,140.6958333330309,-3284.7175
-21.31250000001065,140.69999999969755,-3336.248
-21.31250000001065,140.70416666636422,-3275.3315
-21.31250000001065,140.7083333330309,-3185.0623
-21.31250000001065,140.71249999969757,-3043.5132
-21.31250000001065,140.71666666636423,-2754.1843
-21.31250000001065,140.7208333330309,-2372.2537
-21.31250000001065,140.72499999969756,-1906.217
-21.31250000001065,140.72916666636425,-1346.4985
-21.31250000001065,140.7333333330309,-725.95795
-21.31250000001065,140.73749999969758,0.31901652
-21.31250000001065,140.74166666636427,784.84985
-21.31250000001065,140.74583333303093,1486.7131
-21.31250000001065,140.7499999996976,1873.0436
-21.31250000001065,140.75416666636426,1468.2396
-21.31250000001065,140.75833333303092,762.56366
-21.31250000001065,140.7624999996976,12.18145
-21.31250000001065,140.76666666636427,-580.3258
-21.31250000001065,140.77083333303094,-863.74927
-21.31250000001065,140.77499999969763,-673.26965
-21.31250000001065,140.7791666663643,-315.37778
-21.31250000001065,140.78333333303095,15.99248
-21.31250000001065,140.78749999969762,170.17917
-21.31250000001065,140.79166666636428,191.86519
-21.31250000001065,140.79583333303097,1.4607476
-21.31250000001065,140.79999999969763,-304.9526
-21.31250000001065,140.8041666663643,-620.2606
-21.31250000001065,140.808333333031,-822.76013
-21.31666666667732,140.53333333303075,-407.8623
-21.31666666667732,140.53749999969742,-364.31693
-21.31666666667732,140.5416666663641,-492.50092
-21.31666666667732,140.54583333303077,-613.5012
-21.31666666667732,140.54999999969743,-709.2984
-21.31666666667732,140.5541666663641,-765.2714
-21.31666666667732,140.55833333303076,-773.7404
-21.31666666667732,140.56249999969745,-669.4609
-21.31666666667732,140.5666666663641,-577.3775
-21.31666666667732,140.57083333303078,-588.0521
-21.31666666667732,140.57499999969747,-804.519
-21.31666666667732,140.57916666636413,-1329.1152
-21.31666666667732,140.5833333330308,-2044.558
-21.31666666667732,140.58749999969746,-2829.6716
-21.31666666667732,140.59166666636412,-3557.057
-21.31666666667732,140.5958333330308,-4096.1235
-21.31666666667732,140.59999999969747,-4283.636
-21.31666666667732,140.60416666636414,-4285.2334
-21.31666666667732,140.60833333303083,-4200.698
-21.31666666667732,140.6124999996975,-4065.2415
-21.31666666667732,140.61666666636415,-3852.894
-21.31666666667732,140.62083333303082,-3482.6396
-21.31666666667732,140.62499999969748,-3035.2888
-21.31666666667732,140.62916666636417,-2555.8333
-21.31666666667732,140.63333333303083,-2084.5032
-21.31666666667732,140.6374999996975,-1618.7003
-21.31666666667732,140.6416666663642,-1199.8171
-21.31666666667732,140.64583333303085,-823.9262
-21.31666666667732,140.6499999996975,-481.31302
-21.31666666667732,140.65416666636418,-152.142
-21.31666666667732,140.65833333303084,150.5758
-21.31666666667732,140.66249999969753,428.07275
-21.31666666667732,140.6666666663642,613.09784
-21.31666666667732,140.67083333303086,604.64246
-21.31666666667732,140.67499999969755,218.17062
-21.31666666667732,140.6791666663642,-426.83228
-21.31666666667732,140.68333333303087,-1277.8167
-21.31666666667732,140.68749999969754,-2218.6443
-21.31666666667732,140.6916666663642,-3086.8699
-21.31666666667732,140.6958333330309,-3205.0762
-21.31666666667732,140.69999999969755,-3132.0469
-21.31666666667732,140.70416666636422,-3017.1472
-21.31666666667732,140.7083333330309,-2942.4834
-21.31666666667732,140.71249999969757,-2877.9822
-21.31666666667732,140.71666666636423,-2747.658
-21.31666666667732,140.7208333330309,-2600.3882
-21.31666666667732,140.72499999969756,-2423.5256
-21.31666666667732,140.72916666636425,-2136.7183
-21.31666666667732,140.7333333330309,-1518.0734
-21.31666666667732,140.73749999969758,-800.7783
-21.31666666667732,140.74166666636427,-113.40127
-21.31666666667732,140.74583333303093,416.46924
-21.31666666667732,140.7499999996976,658.9672
-21.31666666667732,140.75416666636426,546.5306
-21.31666666667732,140.75833333303092,181.29997
-21.31666666667732,140.7624999996976,-252.8518
-21.31666666667732,140.76666666636427,-560.1891
-21.31666666667732,140.77083333303094,-504.1851
-21.31666666667732,140.77499999969763,-134.32639
-21.31666666667732,140.7791666663643,413.10645
-21.31666666667732,140.78333333303095,960.18994
-21.31666666667732,140.78749999969762,1304.1051
-21.31666666667732,140.79166666636428,1096.5332
-21.31666666667732,140.79583333303097,649.37067
-21.31666666667732,140.79999999969763,123.79889
-21.31666666667732,140.8041666663643,-347.96945
-21.31666666667732,140.808333333031,-658.223
-21.32083333334399,140.53333333303075,-385.2741
-21.32083333334399,140.53749999969742,-253.58603
-21.32083333334399,140.5416666663641,-605.25464
-21.32083333334399,140.54583333303077,-844.50806
-21.32083333334399,140.54999999969743,-1042.6033
-21.32083333334399,140.5541666663641,-1188.5046
-21.32083333334399,140.55833333303076,-1282.294
-21.32083333334399,140.56249999969745,-1072.9258
-21.32083333334399,140.5666666663641,-883.8002
-21.32083333334399,140.57083333303078,-812.18134
-21.32083333334399,140.57499999969747,-951.6091
-21.32083333334399,140.57916666636413,-1444.5575
-21.32083333334399,140.5833333330308,-2122.8372
-21.32083333334399,140.58749999969746,-2892.8064
-21.32083333334399,140.59166666636412,-3638.8303
-21.32083333334399,140.5958333330308,-4240.738
-21.32083333334399,140.59999999969747,-4306.5596
-21.32083333334399,140.60416666636414,-4208.96
-21.32083333334399,140.60833333303083,-4018.8787
-21.32083333334399,140.6124999996975,-3770.777
-21.32083333334399,140.61666666636415,-3453.814
-21.32083333334399,140.62083333303082,-3220.271
-21.32083333334399,140.62499999969748,-2920.338
-21.32083333334399,140.62916666636417,-2565.7358
-21.32083333334399,140.63333333303083,-2186.823
-21.32083333334399,140.6374999996975,-1684.721
-21.32083333334399,140.6416666663642,-1194.94
-21.32083333334399,140.64583333303085,-714.2686
-21.32083333334399,140.6499999996975,-260.31616
-21.32083333334399,140.65416666636418,165.30768
-21.32083333334399,140.65833333303084,458.32
-21.32083333334399,140.66249999969753,732.1704
-21.32083333334399,140.6666666663642,939.3279
-21.32083333334399,140.67083333303086,999.53955
-21.32083333334399,140.67499999969755,465.25836
-21.32083333334399,140.6791666663642,-281.34857
-21.32083333334399,140.68333333303087,-1228.3789
-21.32083333334399,140.68749999969754,-2292.818
-21.32083333334399,140.6916666663642,-3579.9426
-21.32083333334399,140.6958333330309,-3107.4705
-21.32083333334399,140.69999999969755,-2829.2632
-21.32083333334399,140.70416666636422,-2652.7554
-21.32083333334399,140.7083333330309,-2625.3572
-21.32083333334399,140.71249999969757,-2688.313
-21.32083333334399,140.71666666636423,-2680.062
-21.32083333334399,140.7208333330309,-2764.3774
-21.32083333334399,140.72499999969756,-2900.3633
-21.32083333334399,140.72916666636425,-2963.1506
-21.32083333334399,140.7333333330309,-2265.514
-21.32083333334399,140.73749999969758,-1511.4314
-21.32083333334399,140.74166666636427,-861.2868
-21.32083333334399,140.74583333303093,-421.1904
-21.32083333334399,140.7499999996976,-232.54524
-21.32083333334399,140.75416666636426,-161.77817
-21.32083333334399,140.75833333303092,-303.9065
-21.32083333334399,140.7624999996976,-532.7139
-21.32083333334399,140.76666666636427,-692.639
-21.32083333334399,140.77083333303094,-342.45078
-21.32083333334399,140.77499999969763,255.37183
-21.32083333334399,140.7791666663643,1050.7513
-21.32083333334399,140.78333333303095,1882.5529
-21.32083333334399,140.78749999969762,2557.6628
-21.32083333334399,140.79166666636428,1992.0884
-21.32083333334399,140.79583333303097,1238.9354
-21.32083333334399,140.79999999969763,467.01416
-21.32083333334399,140.8041666663643,-179.94383
-21.32083333334399,140.808333333031,-641.2394
